{
	"credit": "Made with Blockbench",
	"texture_size": [32, 32],
	"textures": {
		"0": "pvz:shooter",
		"particle": "pvz:shooter"
	},
	"elements": [
		{
			"from": [10, 0, 2.75],
			"to": [14, 1, 5.75],
			"rotation": {"angle": 45, "axis": "y", "origin": [13, 0, 4.75]},
			"faces": {
				"north": {"uv": [1.5, 5.5, 3.5, 6], "texture": "#0"},
				"east": {"uv": [0, 5.5, 1.5, 6], "texture": "#0"},
				"south": {"uv": [5, 5.5, 7, 6], "texture": "#0"},
				"west": {"uv": [3.5, 5.5, 5, 6], "texture": "#0"},
				"up": {"uv": [3.5, 5.5, 1.5, 4], "texture": "#0"},
				"down": {"uv": [5.5, 4, 3.5, 5.5], "texture": "#0"}
			}
		},
		{
			"from": [7, 0, 2.75],
			"to": [11, 1, 5.75],
			"rotation": {"angle": -45, "axis": "y", "origin": [8, 0, 3.75]},
			"faces": {
				"north": {"uv": [1.5, 7.5, 3.5, 8], "texture": "#0"},
				"east": {"uv": [0, 7.5, 1.5, 8], "texture": "#0"},
				"south": {"uv": [5, 7.5, 7, 8], "texture": "#0"},
				"west": {"uv": [3.5, 7.5, 5, 8], "texture": "#0"},
				"up": {"uv": [3.5, 7.5, 1.5, 6], "rotation": 180, "texture": "#0"},
				"down": {"uv": [5.5, 6, 3.5, 7.5], "rotation": 180, "texture": "#0"}
			}
		},
		{
			"from": [7.6, 0, 5.75],
			"to": [10.7, 0.5, 8.75],
			"rotation": {"angle": -22.5, "axis": "y", "origin": [7.7, 0, 6.75]},
			"faces": {
				"north": {"uv": [8.5, 7.5, 10, 7.5], "texture": "#0"},
				"east": {"uv": [7, 7.5, 8.5, 7.5], "texture": "#0"},
				"south": {"uv": [11.5, 7.5, 13, 7.5], "texture": "#0"},
				"west": {"uv": [10, 7.5, 11.5, 7.5], "texture": "#0"},
				"up": {"uv": [10, 7.5, 8.5, 6], "rotation": 180, "texture": "#0"},
				"down": {"uv": [11.5, 6, 10, 7.5], "rotation": 180, "texture": "#0"}
			}
		},
		{
			"from": [9, 0.001, 6.25],
			"to": [12, 0.501, 9.35],
			"rotation": {"angle": 22.5, "axis": "y", "origin": [11, 0, 6.35]},
			"faces": {
				"north": {"uv": [8.5, 9, 10, 9], "texture": "#0"},
				"east": {"uv": [7, 9, 8.5, 9], "texture": "#0"},
				"south": {"uv": [11.5, 9, 13, 9], "texture": "#0"},
				"west": {"uv": [10, 9, 11.5, 9], "texture": "#0"},
				"up": {"uv": [10, 9, 8.5, 7.5], "rotation": 270, "texture": "#0"},
				"down": {"uv": [11.5, 7.5, 10, 9], "rotation": 90, "texture": "#0"}
			}
		},
		{
			"from": [10, 0, 2.75],
			"to": [14, 1, 5.75],
			"rotation": {"angle": 45, "axis": "y", "origin": [13, 0, 4.75]},
			"faces": {
				"north": {"uv": [8.5, 5.5, 10.5, 6], "texture": "#0"},
				"east": {"uv": [7, 5.5, 8.5, 6], "texture": "#0"},
				"south": {"uv": [12, 5.5, 14, 6], "texture": "#0"},
				"west": {"uv": [10.5, 5.5, 12, 6], "texture": "#0"},
				"up": {"uv": [10.5, 5.5, 8.5, 4], "texture": "#0"},
				"down": {"uv": [12.5, 4, 10.5, 5.5], "texture": "#0"}
			}
		},
		{
			"from": [7.999, 8, 7],
			"to": [10.999, 9, 9],
			"rotation": {"angle": 45, "axis": "x", "origin": [10, 8, 8]},
			"faces": {
				"north": {"uv": [9, 3.5, 10.5, 4], "texture": "#0"},
				"east": {"uv": [8, 3.5, 9, 4], "texture": "#0"},
				"south": {"uv": [11.5, 3.5, 13, 4], "texture": "#0"},
				"west": {"uv": [10.5, 3.5, 11.5, 4], "texture": "#0"},
				"up": {"uv": [10.5, 3.5, 9, 2.5], "texture": "#0"},
				"down": {"uv": [12, 2.5, 10.5, 3.5], "texture": "#0"}
			}
		},
		{
			"from": [9, 0, 4.4],
			"to": [11, 5, 6.4],
			"rotation": {"angle": 22.5, "axis": "x", "origin": [13, 0, 6.4]},
			"faces": {
				"north": {"uv": [1, 9, 2, 11.5], "texture": "#0"},
				"east": {"uv": [0, 9, 1, 11.5], "texture": "#0"},
				"south": {"uv": [3, 9, 4, 11.5], "texture": "#0"},
				"west": {"uv": [2, 9, 3, 11.5], "texture": "#0"},
				"up": {"uv": [2, 9, 1, 8], "texture": "#0"},
				"down": {"uv": [3, 8, 2, 9], "texture": "#0"}
			}
		},
		{
			"from": [8, 4, 5],
			"to": [12, 8, 9],
			"rotation": {"angle": 0, "axis": "y", "origin": [8, 4, 10]},
			"faces": {
				"north": {"uv": [2, 2, 4, 4], "texture": "#0"},
				"east": {"uv": [0, 2, 2, 4], "texture": "#0"},
				"south": {"uv": [6, 2, 8, 4], "texture": "#0"},
				"west": {"uv": [4, 2, 6, 4], "texture": "#0"},
				"up": {"uv": [4, 2, 2, 0], "texture": "#0"},
				"down": {"uv": [6, 0, 4, 2], "texture": "#0"}
			}
		},
		{
			"from": [9, 3.999, 3],
			"to": [11, 5.999, 6],
			"rotation": {"angle": 0, "axis": "y", "origin": [8, 4, 8]},
			"faces": {
				"north": {"uv": [9.5, 1.5, 10.5, 2.5], "texture": "#0"},
				"east": {"uv": [8, 1.5, 9.5, 2.5], "texture": "#0"},
				"south": {"uv": [12, 1.5, 13, 2.5], "texture": "#0"},
				"west": {"uv": [10.5, 1.5, 12, 2.5], "texture": "#0"},
				"up": {"uv": [10.5, 1.5, 9.5, 0], "texture": "#0"},
				"down": {"uv": [11.5, 0, 10.5, 1.5], "texture": "#0"}
			}
		},
		{
			"name": "nose",
			"from": [9.3, 4.3, 2.9],
			"to": [10.7, 5.7, 4.3],
			"rotation": {"angle": 0, "axis": "y", "origin": [8, 4.25, 7.75]},
			"faces": {
				"north": {"uv": [4.5, 8.5, 5, 9], "texture": "#0"},
				"east": {"uv": [4, 8.5, 4.5, 9], "texture": "#0"},
				"south": {"uv": [5.5, 8.5, 6, 9], "texture": "#0"},
				"west": {"uv": [5, 8.5, 5.5, 9], "texture": "#0"},
				"up": {"uv": [5, 8.5, 4.5, 8], "texture": "#0"},
				"down": {"uv": [5.5, 8, 5, 8.5], "texture": "#0"}
			}
		}
	]
}