{
	"credit": "Made with Blockbench",
	"texture_size": [32, 32],
	"textures": {
		"0": "pvz:tent",
		"particle": "pvz:tent"
	},
	"elements": [
		{
			"from": [0, 0, 3],
			"to": [15, 13, 3],
			"rotation": {"angle": 22.5, "axis": "x", "origin": [0, 0, 3]},
			"faces": {
				"north": {"uv": [7.5, 0, 15, 6.5], "texture": "#0"},
				"east": {"uv": [0, 0, 0, 6.5], "texture": "#0"},
				"south": {"uv": [7.5, 6.5, 15, 13], "texture": "#0"},
				"west": {"uv": [0, 0, 0, 6.5], "texture": "#0"},
				"up": {"uv": [7.5, 0, 0, 0], "texture": "#0"},
				"down": {"uv": [7.5, 0, 0, 0], "texture": "#0"}
			}
		},
		{
			"from": [0, 0, 13],
			"to": [15, 13, 13],
			"rotation": {"angle": -22.5, "axis": "x", "origin": [0, 0, 13]},
			"faces": {
				"north": {"uv": [0, 0, 7.5, 6.5], "texture": "#0"},
				"east": {"uv": [0, 0, 0, 6.5], "texture": "#0"},
				"south": {"uv": [0, 6.5, 7.5, 13], "texture": "#0"},
				"west": {"uv": [0, 0, 0, 6.5], "texture": "#0"},
				"up": {"uv": [7.5, 0, 0, 0], "texture": "#0"},
				"down": {"uv": [7.5, 0, 0, 0], "texture": "#0"}
			}
		}
	],
	"display": {
		"gui": {
			"rotation": [0, -54, -12],
			"translation": [1, 1.25, 0]
		}
	}
}