{
	"credit": "Made with Blockbench",
	"texture_size": [128, 128],
	"textures": {
		"0": "pvz:item/belt-right",
		"particle": "pvz:item/belt-right"
	},
	"elements": [
		{
			"from": [0, 0, 0],
			"to": [16, 5, 16],
			"rotation": {"angle": 0, "axis": "y", "origin": [8, 0, 8]},
			"faces": {
				"north": {"uv": [5.375, 4.25, 7.25, 4.875], "texture": "#0"},
				"east": {"uv": [3.625, 4.25, 5.375, 4.875], "texture": "#0"},
				"south": {"uv": [1.75, 4.25, 3.625, 4.875], "texture": "#0"},
				"west": {"uv": [0, 4.25, 1.75, 4.875], "texture": "#0"},
				"up": {"uv": [3.625, 4.25, 1.75, 2.5], "rotation": 180, "texture": "#0"},
				"down": {"uv": [5.5, 2.5, 3.625, 4.25], "rotation": 180, "texture": "#0"}
			}
		},
		{
			"from": [0, 5, 0],
			"to": [18, 8, 18],
			"rotation": {"angle": 0, "axis": "y", "origin": [8, 7, 8]},
			"faces": {
				"north": {"uv": [6, 2, 8, 2.375], "texture": "#0"},
				"east": {"uv": [4, 2, 6, 2.375], "texture": "#0"},
				"south": {"uv": [2, 2, 4, 2.375], "texture": "#0"},
				"west": {"uv": [0, 2, 2, 2.375], "texture": "#0"},
				"up": {"uv": [4, 2, 2, 0], "rotation": 180, "texture": "#0"},
				"down": {"uv": [6, 0, 4, 2], "rotation": 180, "texture": "#0"}
			}
		},
		{
			"from": [0, 8, 16],
			"to": [18, 10, 18],
			"rotation": {"angle": 0, "axis": "y", "origin": [8, 8, 8]},
			"faces": {
				"north": {"uv": [6.625, 5.25, 8.625, 5.5], "texture": "#0"},
				"east": {"uv": [6.375, 5.25, 6.625, 5.5], "texture": "#0"},
				"south": {"uv": [4.375, 5.25, 6.375, 5.5], "texture": "#0"},
				"west": {"uv": [4.125, 5.25, 4.375, 5.5], "texture": "#0"},
				"up": {"uv": [6.375, 5.25, 4.375, 5], "rotation": 180, "texture": "#0"},
				"down": {"uv": [8.375, 5, 6.375, 5.25], "rotation": 180, "texture": "#0"}
			}
		},
		{
			"from": [16, 8, 0],
			"to": [18, 10, 16],
			"rotation": {"angle": 0, "axis": "y", "origin": [8, 8, 8]},
			"faces": {
				"north": {"uv": [3.75, 6.75, 4, 7], "texture": "#0"},
				"east": {"uv": [2, 6.75, 3.75, 7], "texture": "#0"},
				"south": {"uv": [1.75, 6.75, 2, 7], "texture": "#0"},
				"west": {"uv": [0, 6.75, 1.75, 7], "texture": "#0"},
				"up": {"uv": [2, 6.75, 1.75, 5], "rotation": 270, "texture": "#0"},
				"down": {"uv": [2.25, 5, 2, 6.75], "rotation": 90, "texture": "#0"}
			}
		}
	],
	"display": {
		"thirdperson_righthand": {
			"rotation": [30, 0, 0],
			"scale": [0.5, 0.5, 0.5]
		},
		"thirdperson_lefthand": {
			"rotation": [30, -180, 0],
			"scale": [0.5, 0.5, 0.5]
		},
		"firstperson_righthand": {
			"rotation": [20, 7, 1],
			"translation": [-0.5, 2.25, -0.25],
			"scale": [0.5, 0.5, 0.5]
		},
		"firstperson_lefthand": {
			"translation": [0, 0, -1.5],
			"scale": [0.5, 0.5, 0.5]
		},
		"ground": {
			"scale": [0.5, 0.5, 0.5]
		},
		"gui": {
			"rotation": [28, 21, 0],
			"translation": [0.5, 1.75, 0],
			"scale": [0.7, 0.7, 0.7]
		},
		"fixed": {
			"rotation": [-90, -90, 0],
			"translation": [0, 0, -8.25]
		}
	},
	"groups": [
		{
			"name": "group",
			"origin": [0, 4, 14],
			"color": 0,
			"children": [0, 1, 2, 3]
		}
	]
}