{
	"credit": "Made with Blockbench",
	"texture_size": [32, 32],
	"textures": {
		"0": "pvz:item/lawnmower",
		"particle": "pvz:item/lawnmower"
	},
	"elements": [
		{
			"from": [10.5, 0, 1.7],
			"to": [11.25, 2.7, 4.4],
			"rotation": {"angle": -22.5, "axis": "x", "origin": [10.5, 2.7, 4.4]},
			"faces": {
				"north": {"uv": [2.5, 9, 3, 10.5], "texture": "#0"},
				"east": {"uv": [1.5, 6, 3, 7.5], "texture": "#0"},
				"south": {"uv": [8, 9, 8.5, 10.5], "texture": "#0"},
				"west": {"uv": [6, 2, 7.5, 3.5], "texture": "#0"},
				"up": {"uv": [9, 10.5, 8.5, 9], "texture": "#0"},
				"down": {"uv": [9.5, 8.5, 9, 10], "texture": "#0"}
			}
		},
		{
			"from": [10.6, 0.5, 2.2],
			"to": [11.35, 2.2, 3.9],
			"rotation": {"angle": -22.5, "axis": "x", "origin": [10.6, 2.7, 4.4]},
			"faces": {
				"north": {"uv": [10.5, 2, 11, 3], "texture": "#0"},
				"east": {"uv": [6, 8, 7, 9], "texture": "#0"},
				"south": {"uv": [2.5, 10.5, 3, 11.5], "texture": "#0"},
				"west": {"uv": [8, 7, 9, 8], "texture": "#0"},
				"up": {"uv": [11, 6.5, 10.5, 5.5], "texture": "#0"},
				"down": {"uv": [11, 6.5, 10.5, 7.5], "texture": "#0"}
			}
		},
		{
			"from": [10.7, 0.6, 2.3],
			"to": [11.45, 2.1, 3.8],
			"rotation": {"angle": -22.5, "axis": "x", "origin": [10.7, 2.7, 4.4]},
			"faces": {
				"north": {"uv": [10.5, 7.5, 11, 8.5], "texture": "#0"},
				"east": {"uv": [8, 10.5, 8.5, 11.5], "texture": "#0"},
				"south": {"uv": [8.5, 10.5, 9, 11.5], "texture": "#0"},
				"west": {"uv": [10.5, 8.5, 11, 9.5], "texture": "#0"},
				"up": {"uv": [7.5, 8.5, 7, 8], "texture": "#0"},
				"down": {"uv": [11, 3, 10.5, 3.5], "texture": "#0"}
			}
		},
		{
			"from": [10.7, 0.6, 9.1],
			"to": [11.45, 2.1, 10.6],
			"rotation": {"angle": -22.5, "axis": "x", "origin": [10.7, 2.7, 11.2]},
			"faces": {
				"north": {"uv": [9, 10.5, 9.5, 11.5], "texture": "#0"},
				"east": {"uv": [9.5, 10.5, 10, 11.5], "texture": "#0"},
				"south": {"uv": [10.5, 9.5, 11, 10.5], "texture": "#0"},
				"west": {"uv": [10, 10.5, 10.5, 11.5], "texture": "#0"},
				"up": {"uv": [3, 12, 2.5, 11.5], "texture": "#0"},
				"down": {"uv": [12, 4.5, 11.5, 5], "texture": "#0"}
			}
		},
		{
			"from": [10.6, 0.5, 9],
			"to": [11.35, 2.2, 10.7],
			"rotation": {"angle": -22.5, "axis": "x", "origin": [10.6, 2.7, 11.2]},
			"faces": {
				"north": {"uv": [10.5, 10.5, 11, 11.5], "texture": "#0"},
				"east": {"uv": [8, 8, 9, 9], "texture": "#0"},
				"south": {"uv": [0.5, 11, 1, 12], "texture": "#0"},
				"west": {"uv": [7, 8.5, 8, 9.5], "texture": "#0"},
				"up": {"uv": [1.5, 12, 1, 11], "texture": "#0"},
				"down": {"uv": [11.5, 2, 11, 3], "texture": "#0"}
			}
		},
		{
			"from": [10.5, 0, 8.5],
			"to": [11.25, 2.7, 11.2],
			"rotation": {"angle": -22.5, "axis": "x", "origin": [10.5, 2.7, 11.2]},
			"faces": {
				"north": {"uv": [0.5, 9.5, 1, 11], "texture": "#0"},
				"east": {"uv": [3, 6, 4.5, 7.5], "texture": "#0"},
				"south": {"uv": [1, 9.5, 1.5, 11], "texture": "#0"},
				"west": {"uv": [4.5, 6, 6, 7.5], "texture": "#0"},
				"up": {"uv": [7.5, 11, 7, 9.5], "texture": "#0"},
				"down": {"uv": [8, 9.5, 7.5, 11], "texture": "#0"}
			}
		},
		{
			"from": [4.4, 0.5, 9],
			"to": [5.15, 2.2, 10.7],
			"rotation": {"angle": -22.5, "axis": "x", "origin": [4.4, 2.7, 11.2]},
			"faces": {
				"north": {"uv": [3, 11, 3.5, 12], "texture": "#0"},
				"east": {"uv": [9, 0, 10, 1], "texture": "#0"},
				"south": {"uv": [11, 3, 11.5, 4], "texture": "#0"},
				"west": {"uv": [1.5, 9, 2.5, 10], "texture": "#0"},
				"up": {"uv": [4, 12, 3.5, 11], "texture": "#0"},
				"down": {"uv": [4.5, 11, 4, 12], "texture": "#0"}
			}
		},
		{
			"from": [4.5, 0, 8.5],
			"to": [5.25, 2.7, 11.2],
			"rotation": {"angle": -22.5, "axis": "x", "origin": [4.5, 2.7, 11.2]},
			"faces": {
				"north": {"uv": [9.5, 8.5, 10, 10], "texture": "#0"},
				"east": {"uv": [6, 5, 7.5, 6.5], "texture": "#0"},
				"south": {"uv": [1.5, 10, 2, 11.5], "texture": "#0"},
				"west": {"uv": [6, 6.5, 7.5, 8], "texture": "#0"},
				"up": {"uv": [2.5, 11.5, 2, 10], "texture": "#0"},
				"down": {"uv": [10.5, 5.5, 10, 7], "texture": "#0"}
			}
		},
		{
			"from": [4.3, 0.6, 2.3],
			"to": [5.05, 2.1, 3.8],
			"rotation": {"angle": -22.5, "axis": "x", "origin": [4.3, 2.7, 4.4]},
			"faces": {
				"north": {"uv": [11, 4, 11.5, 5], "texture": "#0"},
				"east": {"uv": [4.5, 11, 5, 12], "texture": "#0"},
				"south": {"uv": [5, 11, 5.5, 12], "texture": "#0"},
				"west": {"uv": [11, 5, 11.5, 6], "texture": "#0"},
				"up": {"uv": [12, 5.5, 11.5, 5], "texture": "#0"},
				"down": {"uv": [12, 5.5, 11.5, 6], "texture": "#0"}
			}
		},
		{
			"from": [4.4, 0.5, 2.2],
			"to": [5.15, 2.2, 3.9],
			"rotation": {"angle": -22.5, "axis": "x", "origin": [4.4, 2.7, 4.4]},
			"faces": {
				"north": {"uv": [5.5, 11, 6, 12], "texture": "#0"},
				"east": {"uv": [9, 5.5, 10, 6.5], "texture": "#0"},
				"south": {"uv": [11, 6, 11.5, 7], "texture": "#0"},
				"west": {"uv": [6, 9, 7, 10], "texture": "#0"},
				"up": {"uv": [7.5, 12, 7, 11], "texture": "#0"},
				"down": {"uv": [11.5, 7, 11, 8], "texture": "#0"}
			}
		},
		{
			"from": [4.3, 0.6, 9.1],
			"to": [5.05, 2.1, 10.6],
			"rotation": {"angle": -22.5, "axis": "x", "origin": [4.3, 2.7, 11.2]},
			"faces": {
				"north": {"uv": [7.5, 11, 8, 12], "texture": "#0"},
				"east": {"uv": [11, 8, 11.5, 9], "texture": "#0"},
				"south": {"uv": [11, 9, 11.5, 10], "texture": "#0"},
				"west": {"uv": [11, 10, 11.5, 11], "texture": "#0"},
				"up": {"uv": [6.5, 12, 6, 11.5], "texture": "#0"},
				"down": {"uv": [12, 6, 11.5, 6.5], "texture": "#0"}
			}
		},
		{
			"from": [4.5, 0, 1.7],
			"to": [5.25, 2.7, 4.4],
			"rotation": {"angle": -22.5, "axis": "x", "origin": [4.5, 2.7, 4.4]},
			"faces": {
				"north": {"uv": [6, 10, 6.5, 11.5], "texture": "#0"},
				"east": {"uv": [7.5, 0, 9, 1.5], "texture": "#0"},
				"south": {"uv": [6.5, 10, 7, 11.5], "texture": "#0"},
				"west": {"uv": [1.5, 7.5, 3, 9], "texture": "#0"},
				"up": {"uv": [10.5, 8.5, 10, 7], "texture": "#0"},
				"down": {"uv": [10.5, 8.5, 10, 10], "texture": "#0"}
			}
		},
		{
			"from": [9.07, 2.6, 8.75],
			"to": [9.27, 2.75, 9.65],
			"rotation": {"angle": 0, "axis": "y", "origin": [9.5, 2, 6.7]},
			"faces": {
				"north": {"uv": [9, 11.5, 9.5, 12], "texture": "#0"},
				"east": {"uv": [11.5, 9, 12, 9.5], "texture": "#0"},
				"south": {"uv": [9.5, 11.5, 10, 12], "texture": "#0"},
				"west": {"uv": [11.5, 9.5, 12, 10], "texture": "#0"},
				"up": {"uv": [10.5, 12, 10, 11.5], "texture": "#0"},
				"down": {"uv": [12, 10, 11.5, 10.5], "texture": "#0"}
			}
		},
		{
			"from": [9.07, 1.73, 10.05],
			"to": [9.27, 1.88, 10.75],
			"rotation": {"angle": -22.5, "axis": "x", "origin": [9.5, 1.1, 7.65]},
			"faces": {
				"north": {"uv": [10.5, 11.5, 11, 12], "texture": "#0"},
				"east": {"uv": [11.5, 10.5, 12, 11], "texture": "#0"},
				"south": {"uv": [11, 11.5, 11.5, 12], "texture": "#0"},
				"west": {"uv": [11.5, 11.5, 12, 12], "texture": "#0"},
				"up": {"uv": [12.5, 0.5, 12, 0], "texture": "#0"},
				"down": {"uv": [1, 12, 0.5, 12.5], "texture": "#0"}
			}
		},
		{
			"from": [9.07, 1.36, 11.45],
			"to": [9.27, 1.51, 13.05],
			"rotation": {"angle": -45, "axis": "x", "origin": [9.5, 0.7, 9.05]},
			"faces": {
				"north": {"uv": [12, 0.5, 12.5, 1], "texture": "#0"},
				"east": {"uv": [11, 1, 12, 1.5], "texture": "#0"},
				"south": {"uv": [1, 12, 1.5, 12.5], "texture": "#0"},
				"west": {"uv": [11, 11, 12, 11.5], "texture": "#0"},
				"up": {"uv": [0.5, 12.5, 0, 11.5], "texture": "#0"},
				"down": {"uv": [12, 0, 11.5, 1], "texture": "#0"}
			}
		},
		{
			"from": [9.07, 4, 10.11],
			"to": [9.27, 4.95, 10.26],
			"rotation": {"angle": 22.5, "axis": "x", "origin": [9.5, 1.1, 10.85]},
			"faces": {
				"north": {"uv": [12, 1, 12.5, 1.5], "texture": "#0"},
				"east": {"uv": [1.5, 12, 2, 12.5], "texture": "#0"},
				"south": {"uv": [12, 1.5, 12.5, 2], "texture": "#0"},
				"west": {"uv": [2, 12, 2.5, 12.5], "texture": "#0"},
				"up": {"uv": [3, 12.5, 2.5, 12], "texture": "#0"},
				"down": {"uv": [3.5, 12, 3, 12.5], "texture": "#0"}
			}
		},
		{
			"from": [7.67, 4.91, 12],
			"to": [7.87, 5.06, 12.5],
			"rotation": {"angle": 22.5, "axis": "y", "origin": [8.1, 4.3, 8.35]},
			"faces": {
				"north": {"uv": [3.5, 12, 4, 12.5], "texture": "#0"},
				"east": {"uv": [4, 12, 4.5, 12.5], "texture": "#0"},
				"south": {"uv": [4.5, 12, 5, 12.5], "texture": "#0"},
				"west": {"uv": [12, 4.5, 12.5, 5], "texture": "#0"},
				"up": {"uv": [5.5, 12.5, 5, 12], "texture": "#0"},
				"down": {"uv": [12.5, 5, 12, 5.5], "texture": "#0"}
			}
		},
		{
			"from": [9.27, 7.71, 12.8],
			"to": [9.47, 7.86, 13.3],
			"rotation": {"angle": 45, "axis": "x", "origin": [9.7, 7.1, 9.15]},
			"faces": {
				"north": {"uv": [5.5, 12, 6, 12.5], "texture": "#0"},
				"east": {"uv": [12, 5.5, 12.5, 6], "texture": "#0"},
				"south": {"uv": [6, 12, 6.5, 12.5], "texture": "#0"},
				"west": {"uv": [12, 6, 12.5, 6.5], "texture": "#0"},
				"up": {"uv": [7, 12.5, 6.5, 12], "texture": "#0"},
				"down": {"uv": [12.5, 6.5, 12, 7], "texture": "#0"}
			}
		},
		{
			"from": [9.08, 3.45, 12.2],
			"to": [9.28, 3.6, 12.5],
			"rotation": {"angle": -22.5, "axis": "x", "origin": [9.5, 2.8, 8.55]},
			"faces": {
				"north": {"uv": [7, 12, 7.5, 12.5], "texture": "#0"},
				"east": {"uv": [12, 7, 12.5, 7.5], "texture": "#0"},
				"south": {"uv": [7.5, 12, 8, 12.5], "texture": "#0"},
				"west": {"uv": [12, 7.5, 12.5, 8], "texture": "#0"},
				"up": {"uv": [8.5, 12.5, 8, 12], "texture": "#0"},
				"down": {"uv": [12.5, 8, 12, 8.5], "texture": "#0"}
			}
		},
		{
			"from": [10.77, 4.9, 12.41],
			"to": [10.97, 5.1, 12.56],
			"rotation": {"angle": 22.5, "axis": "z", "origin": [11.2, 1.3, 13.15]},
			"faces": {
				"north": {"uv": [8.5, 12, 9, 12.5], "texture": "#0"},
				"east": {"uv": [12, 8.5, 12.5, 9], "texture": "#0"},
				"south": {"uv": [9, 12, 9.5, 12.5], "texture": "#0"},
				"west": {"uv": [12, 9, 12.5, 9.5], "texture": "#0"},
				"up": {"uv": [10, 12.5, 9.5, 12], "texture": "#0"},
				"down": {"uv": [12.5, 9.5, 12, 10], "texture": "#0"}
			}
		},
		{
			"from": [9.62, 3.8, 9.81],
			"to": [9.82, 4, 10.26],
			"rotation": {"angle": 22.5, "axis": "x", "origin": [10.05, 0.2, 10.75]},
			"faces": {
				"north": {"uv": [10, 12, 10.5, 12.5], "texture": "#0"},
				"east": {"uv": [12, 10, 12.5, 10.5], "texture": "#0"},
				"south": {"uv": [10.5, 12, 11, 12.5], "texture": "#0"},
				"west": {"uv": [12, 10.5, 12.5, 11], "texture": "#0"},
				"up": {"uv": [11.5, 12.5, 11, 12], "texture": "#0"},
				"down": {"uv": [12.5, 11, 12, 11.5], "texture": "#0"}
			}
		},
		{
			"from": [9.52, 3.7, 11.61],
			"to": [9.72, 3.9, 12.26],
			"rotation": {"angle": 0, "axis": "z", "origin": [9.95, 0.1, 12.75]},
			"faces": {
				"north": {"uv": [11.5, 12, 12, 12.5], "texture": "#0"},
				"east": {"uv": [12, 11.5, 12.5, 12], "texture": "#0"},
				"south": {"uv": [12, 12, 12.5, 12.5], "texture": "#0"},
				"west": {"uv": [0, 12.5, 0.5, 13], "texture": "#0"},
				"up": {"uv": [13, 0.5, 12.5, 0], "texture": "#0"},
				"down": {"uv": [1, 12.5, 0.5, 13], "texture": "#0"}
			}
		},
		{
			"from": [9.42, 3.7, 12.37],
			"to": [9.62, 4.55, 12.52],
			"rotation": {"angle": 22.5, "axis": "x", "origin": [9.57, 4.425, 12.485]},
			"faces": {
				"north": {"uv": [12.5, 0.5, 13, 1], "texture": "#0"},
				"east": {"uv": [1, 12.5, 1.5, 13], "texture": "#0"},
				"south": {"uv": [12.5, 1, 13, 1.5], "texture": "#0"},
				"west": {"uv": [1.5, 12.5, 2, 13], "texture": "#0"},
				"up": {"uv": [13, 2, 12.5, 1.5], "texture": "#0"},
				"down": {"uv": [2.5, 12.5, 2, 13], "texture": "#0"}
			}
		},
		{
			"from": [9.67, 3.9, 10.11],
			"to": [9.87, 4.95, 10.26],
			"rotation": {"angle": 22.5, "axis": "x", "origin": [10.1, 1.1, 10.85]},
			"faces": {
				"north": {"uv": [12.5, 2, 13, 2.5], "texture": "#0"},
				"east": {"uv": [2.5, 12.5, 3, 13], "texture": "#0"},
				"south": {"uv": [12.5, 2.5, 13, 3], "texture": "#0"},
				"west": {"uv": [3, 12.5, 3.5, 13], "texture": "#0"},
				"up": {"uv": [13, 3.5, 12.5, 3], "texture": "#0"},
				"down": {"uv": [4, 12.5, 3.5, 13], "texture": "#0"}
			}
		},
		{
			"from": [9.68, 3.45, 12.2],
			"to": [9.88, 3.6, 12.5],
			"rotation": {"angle": -22.5, "axis": "x", "origin": [10.1, 2.8, 8.55]},
			"faces": {
				"north": {"uv": [12.5, 3.5, 13, 4], "texture": "#0"},
				"east": {"uv": [4, 12.5, 4.5, 13], "texture": "#0"},
				"south": {"uv": [12.5, 4, 13, 4.5], "texture": "#0"},
				"west": {"uv": [4.5, 12.5, 5, 13], "texture": "#0"},
				"up": {"uv": [13, 5, 12.5, 4.5], "texture": "#0"},
				"down": {"uv": [5.5, 12.5, 5, 13], "texture": "#0"}
			}
		},
		{
			"from": [8.27, 4.91, 12],
			"to": [8.47, 5.06, 12.5],
			"rotation": {"angle": 22.5, "axis": "y", "origin": [8.7, 4.3, 8.35]},
			"faces": {
				"north": {"uv": [12.5, 5, 13, 5.5], "texture": "#0"},
				"east": {"uv": [5.5, 12.5, 6, 13], "texture": "#0"},
				"south": {"uv": [12.5, 5.5, 13, 6], "texture": "#0"},
				"west": {"uv": [6, 12.5, 6.5, 13], "texture": "#0"},
				"up": {"uv": [13, 6.5, 12.5, 6], "texture": "#0"},
				"down": {"uv": [7, 12.5, 6.5, 13], "texture": "#0"}
			}
		},
		{
			"from": [9.77, 7.51, 13.4],
			"to": [10.17, 7.76, 13.6],
			"rotation": {"angle": 45, "axis": "x", "origin": [0, 7, 9.35]},
			"faces": {
				"north": {"uv": [12.5, 6.5, 13, 7], "texture": "#0"},
				"east": {"uv": [7, 12.5, 7.5, 13], "texture": "#0"},
				"south": {"uv": [12.5, 7, 13, 7.5], "texture": "#0"},
				"west": {"uv": [7.5, 12.5, 8, 13], "texture": "#0"},
				"up": {"uv": [13, 8, 12.5, 7.5], "texture": "#0"},
				"down": {"uv": [8.5, 12.5, 8, 13], "texture": "#0"}
			}
		},
		{
			"from": [9.67, 7.21, 13.5],
			"to": [10.27, 7.76, 13.9],
			"rotation": {"angle": 45, "axis": "x", "origin": [0, 6.8, 9.45]},
			"faces": {
				"north": {"uv": [12.5, 8, 13, 8.5], "texture": "#0"},
				"east": {"uv": [8.5, 12.5, 9, 13], "texture": "#0"},
				"south": {"uv": [12.5, 8.5, 13, 9], "texture": "#0"},
				"west": {"uv": [9, 12.5, 9.5, 13], "texture": "#0"},
				"up": {"uv": [13, 9.5, 12.5, 9], "texture": "#0"},
				"down": {"uv": [10, 12.5, 9.5, 13], "texture": "#0"}
			}
		},
		{
			"from": [9.87, 7.71, 12.8],
			"to": [10.07, 7.86, 13.8],
			"rotation": {"angle": 45, "axis": "x", "origin": [0, 7.1, 9.15]},
			"faces": {
				"north": {"uv": [12.5, 9.5, 13, 10], "texture": "#0"},
				"east": {"uv": [10, 12.5, 10.5, 13], "texture": "#0"},
				"south": {"uv": [12.5, 10, 13, 10.5], "texture": "#0"},
				"west": {"uv": [10.5, 12.5, 11, 13], "texture": "#0"},
				"up": {"uv": [13, 11, 12.5, 10.5], "texture": "#0"},
				"down": {"uv": [11.5, 12.5, 11, 13], "texture": "#0"}
			}
		},
		{
			"from": [6.3, 2, 5],
			"to": [9.7, 3.25, 9],
			"rotation": {"angle": 0, "axis": "y", "origin": [7, 2, 5]},
			"faces": {
				"north": {"uv": [10, 0, 11.5, 0.5], "texture": "#0"},
				"east": {"uv": [9, 1, 11, 1.5], "texture": "#0"},
				"south": {"uv": [10, 0.5, 11.5, 1], "texture": "#0"},
				"west": {"uv": [9, 3.5, 11, 4], "texture": "#0"},
				"up": {"uv": [1.5, 8, 0, 6], "texture": "#0"},
				"down": {"uv": [7.5, 0, 6, 2], "texture": "#0"}
			}
		},
		{
			"from": [7, 3, 5.9],
			"to": [9, 3.75, 8.1],
			"rotation": {"angle": 0, "axis": "y", "origin": [7, 3, 5]},
			"faces": {
				"north": {"uv": [1.5, 11.5, 2.5, 12], "texture": "#0"},
				"east": {"uv": [11.5, 2, 12.5, 2.5], "texture": "#0"},
				"south": {"uv": [11.5, 2.5, 12.5, 3], "texture": "#0"},
				"west": {"uv": [11.5, 3, 12.5, 3.5], "texture": "#0"},
				"up": {"uv": [10, 7.5, 9, 6.5], "texture": "#0"},
				"down": {"uv": [10, 7.5, 9, 8.5], "texture": "#0"}
			}
		},
		{
			"from": [6.8, 3.7, 5.7],
			"to": [9.2, 4.45, 8.3],
			"rotation": {"angle": 0, "axis": "y", "origin": [7, 3.7, 5]},
			"faces": {
				"north": {"uv": [11.5, 3.5, 12.5, 4], "texture": "#0"},
				"east": {"uv": [9, 10, 10.5, 10.5], "texture": "#0"},
				"south": {"uv": [11.5, 4, 12.5, 4.5], "texture": "#0"},
				"west": {"uv": [10.5, 1.5, 12, 2], "texture": "#0"},
				"up": {"uv": [1.5, 9.5, 0.5, 8], "texture": "#0"},
				"down": {"uv": [9, 5.5, 8, 7], "texture": "#0"}
			}
		},
		{
			"from": [10.7, 2, 4],
			"to": [11.2, 2.65, 4.5],
			"rotation": {"angle": -45, "axis": "y", "origin": [8.7, 2, 4]},
			"faces": {
				"north": {"uv": [0, 13, 0.5, 13.5], "texture": "#0"},
				"east": {"uv": [13, 0, 13.5, 0.5], "texture": "#0"},
				"south": {"uv": [0.5, 13, 1, 13.5], "texture": "#0"},
				"west": {"uv": [13, 0.5, 13.5, 1], "texture": "#0"},
				"up": {"uv": [1.5, 13.5, 1, 13], "texture": "#0"},
				"down": {"uv": [13.5, 1, 13, 1.5], "texture": "#0"}
			}
		},
		{
			"from": [9.7, 2, 5.4],
			"to": [10.1, 2.65, 5.9],
			"rotation": {"angle": 0, "axis": "y", "origin": [7.4, 2, 5.4]},
			"faces": {
				"north": {"uv": [1.5, 13, 2, 13.5], "texture": "#0"},
				"east": {"uv": [13, 1.5, 13.5, 2], "texture": "#0"},
				"south": {"uv": [2, 13, 2.5, 13.5], "texture": "#0"},
				"west": {"uv": [13, 2, 13.5, 2.5], "texture": "#0"},
				"up": {"uv": [3, 13.5, 2.5, 13], "texture": "#0"},
				"down": {"uv": [13.5, 2.5, 13, 3], "texture": "#0"}
			}
		},
		{
			"from": [9.87, 2, 6.55],
			"to": [10.57, 2.75, 7.45],
			"rotation": {"angle": 0, "axis": "y", "origin": [10.4, 2, 4.5]},
			"faces": {
				"north": {"uv": [3, 13, 3.5, 13.5], "texture": "#0"},
				"east": {"uv": [13, 3, 13.5, 3.5], "texture": "#0"},
				"south": {"uv": [3.5, 13, 4, 13.5], "texture": "#0"},
				"west": {"uv": [13, 3.5, 13.5, 4], "texture": "#0"},
				"up": {"uv": [4.5, 13.5, 4, 13], "texture": "#0"},
				"down": {"uv": [13.5, 4, 13, 4.5], "texture": "#0"}
			}
		},
		{
			"from": [9.97, 2, 7.15],
			"to": [10.47, 2.65, 8.05],
			"rotation": {"angle": 0, "axis": "y", "origin": [10.4, 2, 5.1]},
			"faces": {
				"north": {"uv": [4.5, 13, 5, 13.5], "texture": "#0"},
				"east": {"uv": [13, 4.5, 13.5, 5], "texture": "#0"},
				"south": {"uv": [5, 13, 5.5, 13.5], "texture": "#0"},
				"west": {"uv": [13, 5, 13.5, 5.5], "texture": "#0"},
				"up": {"uv": [6, 13.5, 5.5, 13], "texture": "#0"},
				"down": {"uv": [13.5, 5.5, 13, 6], "texture": "#0"}
			}
		},
		{
			"from": [8.07, 2, 8.45],
			"to": [8.57, 2.65, 9.05],
			"rotation": {"angle": 45, "axis": "y", "origin": [8.5, 2, 5.9]},
			"faces": {
				"north": {"uv": [6, 13, 6.5, 13.5], "texture": "#0"},
				"east": {"uv": [13, 6, 13.5, 6.5], "texture": "#0"},
				"south": {"uv": [6.5, 13, 7, 13.5], "texture": "#0"},
				"west": {"uv": [13, 6.5, 13.5, 7], "texture": "#0"},
				"up": {"uv": [7.5, 13.5, 7, 13], "texture": "#0"},
				"down": {"uv": [13.5, 7, 13, 7.5], "texture": "#0"}
			}
		},
		{
			"from": [10.45, 2, 7.88],
			"to": [11.35, 2.65, 8.38],
			"rotation": {"angle": 0, "axis": "y", "origin": [8.4, 2, 7.95]},
			"faces": {
				"north": {"uv": [7.5, 13, 8, 13.5], "texture": "#0"},
				"east": {"uv": [13, 7.5, 13.5, 8], "texture": "#0"},
				"south": {"uv": [8, 13, 8.5, 13.5], "texture": "#0"},
				"west": {"uv": [13, 8, 13.5, 8.5], "texture": "#0"},
				"up": {"uv": [9, 13.5, 8.5, 13], "texture": "#0"},
				"down": {"uv": [13.5, 8.5, 13, 9], "texture": "#0"}
			}
		},
		{
			"from": [10.95, 2, 7.73],
			"to": [12.25, 2.75, 8.43],
			"rotation": {"angle": 0, "axis": "y", "origin": [8.9, 2, 7.9]},
			"faces": {
				"north": {"uv": [9, 13, 9.5, 13.5], "texture": "#0"},
				"east": {"uv": [13, 9, 13.5, 9.5], "texture": "#0"},
				"south": {"uv": [9.5, 13, 10, 13.5], "texture": "#0"},
				"west": {"uv": [13, 9.5, 13.5, 10], "texture": "#0"},
				"up": {"uv": [10.5, 13.5, 10, 13], "texture": "#0"},
				"down": {"uv": [13.5, 10, 13, 10.5], "texture": "#0"}
			}
		},
		{
			"from": [10.97, 2.1, 7.83],
			"to": [12.27, 2.65, 8.33],
			"rotation": {"angle": 0, "axis": "y", "origin": [9, 2, 7.9]},
			"faces": {
				"north": {"uv": [10.5, 13, 11, 13.5], "texture": "#0"},
				"east": {"uv": [13, 10.5, 13.5, 11], "texture": "#0"},
				"south": {"uv": [11, 13, 11.5, 13.5], "texture": "#0"},
				"west": {"uv": [13, 11, 13.5, 11.5], "texture": "#0"},
				"up": {"uv": [12, 13.5, 11.5, 13], "texture": "#0"},
				"down": {"uv": [13.5, 11.5, 13, 12], "texture": "#0"}
			}
		},
		{
			"from": [9.97, 2, 5.75],
			"to": [10.47, 2.65, 6.65],
			"rotation": {"angle": 0, "axis": "y", "origin": [10.4, 2, 3.7]},
			"faces": {
				"north": {"uv": [12, 13, 12.5, 13.5], "texture": "#0"},
				"east": {"uv": [13, 12, 13.5, 12.5], "texture": "#0"},
				"south": {"uv": [12.5, 13, 13, 13.5], "texture": "#0"},
				"west": {"uv": [13, 12.5, 13.5, 13], "texture": "#0"},
				"up": {"uv": [13.5, 13.5, 13, 13], "texture": "#0"},
				"down": {"uv": [0.5, 13.5, 0, 14], "texture": "#0"}
			}
		},
		{
			"from": [5, 0, 3],
			"to": [11, 2, 11],
			"rotation": {"angle": 0, "axis": "y", "origin": [7, 0, 7]},
			"faces": {
				"north": {"uv": [0, 5, 3, 6], "texture": "#0"},
				"east": {"uv": [0, 4, 4, 5], "texture": "#0"},
				"south": {"uv": [3, 5, 6, 6], "texture": "#0"},
				"west": {"uv": [4, 4, 8, 5], "texture": "#0"},
				"up": {"uv": [3, 4, 0, 0], "texture": "#0"},
				"down": {"uv": [6, 0, 3, 4], "texture": "#0"}
			}
		},
		{
			"from": [10.25, 0, 10],
			"to": [11, 7, 10.75],
			"rotation": {"angle": 22.5, "axis": "x", "origin": [7, 0, 14]},
			"faces": {
				"north": {"uv": [3, 7.5, 3.5, 11], "texture": "#0"},
				"east": {"uv": [3.5, 7.5, 4, 11], "texture": "#0"},
				"south": {"uv": [4, 7.5, 4.5, 11], "texture": "#0"},
				"west": {"uv": [4.5, 7.5, 5, 11], "texture": "#0"},
				"up": {"uv": [7, 12, 6.5, 11.5], "texture": "#0"},
				"down": {"uv": [12, 6.5, 11.5, 7], "texture": "#0"}
			}
		},
		{
			"from": [5, 0, 10],
			"to": [5.75, 7, 10.75],
			"rotation": {"angle": 22.5, "axis": "x", "origin": [1.75, 0, 14]},
			"faces": {
				"north": {"uv": [5, 7.5, 5.5, 11], "texture": "#0"},
				"east": {"uv": [7.5, 5, 8, 8.5], "texture": "#0"},
				"south": {"uv": [5.5, 7.5, 6, 11], "texture": "#0"},
				"west": {"uv": [0, 8, 0.5, 11.5], "texture": "#0"},
				"up": {"uv": [12, 7.5, 11.5, 7], "texture": "#0"},
				"down": {"uv": [12, 7.5, 11.5, 8], "texture": "#0"}
			}
		},
		{
			"from": [5, 6, 10],
			"to": [10.75, 7, 10.75],
			"rotation": {"angle": 22.5, "axis": "x", "origin": [1.75, 0, 14]},
			"faces": {
				"north": {"uv": [6, 3.5, 9, 4], "texture": "#0"},
				"east": {"uv": [8, 11.5, 8.5, 12], "texture": "#0"},
				"south": {"uv": [7.5, 1.5, 10.5, 2], "texture": "#0"},
				"west": {"uv": [11.5, 8, 12, 8.5], "texture": "#0"},
				"up": {"uv": [10.5, 2.5, 7.5, 2], "texture": "#0"},
				"down": {"uv": [10.5, 2.5, 7.5, 3], "texture": "#0"}
			}
		},
		{
			"from": [5, 3, 8.8],
			"to": [10.75, 4, 9.55],
			"rotation": {"angle": 22.5, "axis": "x", "origin": [1.75, -3, 12.8]},
			"faces": {
				"north": {"uv": [7.5, 3, 10.5, 3.5], "texture": "#0"},
				"east": {"uv": [8.5, 11.5, 9, 12], "texture": "#0"},
				"south": {"uv": [8, 4, 11, 4.5], "texture": "#0"},
				"west": {"uv": [11.5, 8.5, 12, 9], "texture": "#0"},
				"up": {"uv": [11, 5, 8, 4.5], "texture": "#0"},
				"down": {"uv": [11, 5, 8, 5.5], "texture": "#0"}
			}
		}
	],
	"display": {
		"thirdperson_righthand": {
			"rotation": [75, 0, 0],
			"translation": [0, 5.25, 0],
			"scale": [1.75, 1.75, 1.75]
		},
		"thirdperson_lefthand": {
			"rotation": [75, 0, 0],
			"translation": [0, 5.25, 0],
			"scale": [1.75, 1.75, 1.75]
		},
		"firstperson_righthand": {
			"rotation": [-15, 0, 0],
			"translation": [0, 6.75, 0]
		},
		"firstperson_lefthand": {
			"rotation": [-15, 0, 0],
			"translation": [0, 6.75, 0]
		},
		"ground": {
			"translation": [0, 4.75, 0],
			"scale": [1.5, 1.5, 1.5]
		},
		"gui": {
			"rotation": [27, 150, 0],
			"translation": [0, 4.25, 0],
			"scale": [1.1, 1.1, 1.1]
		},
		"head": {
			"translation": [0, 20, 0],
			"scale": [1.75, 1.75, 1.75]
		},
		"fixed": {
			"rotation": [-74, 0, 0],
			"translation": [0, 3, -10.25],
			"scale": [1.5, 1.5, 1.5]
		}
	},
	"groups": [
		{
			"name": "wheels",
			"origin": [4.5, 2.7, 4.4],
			"color": 0,
			"children": [0, 1, 2, 3, 4, 5, 6, 7, 8, 9, 10, 11]
		},
		{
			"name": "wire",
			"origin": [10.4, 2, 3.7],
			"color": 0,
			"children": [12, 13, 14, 15, 16, 17, 18, 19, 20, 21, 22, 23, 24, 25, 26, 27, 28]
		},
		{
			"name": "motor",
			"origin": [9, 2, 7.9],
			"color": 0,
			"children": [29, 30, 31, 32, 33, 34, 35, 36, 37, 38, 39, 40]
		},
		{
			"name": "body",
			"origin": [8, 8, 8],
			"color": 0,
			"children": [41, 42, 43, 44, 45]
		}
	]
}