{
	"credit": "Made with Blockbench",
	"texture_size": [64, 64],
	"textures": {
		"0": "pvz:item/nut",
		"particle": "pvz:item/nut"
	},
	"elements": [
		{
			"name": "nut",
			"from": [3, 0, 3],
			"to": [13, 12, 13],
			"rotation": {"angle": 0, "axis": "y", "origin": [4, 0, 4]},
			"faces": {
				"north": {"uv": [0, 3.75, 2.5, 6.75], "texture": "#0"},
				"east": {"uv": [2.5, 3.75, 5, 6.75], "texture": "#0"},
				"south": {"uv": [4.5, 0, 7, 3], "texture": "#0"},
				"west": {"uv": [5, 3, 7.5, 6], "texture": "#0"},
				"up": {"uv": [4.5, 9.25, 2, 6.75], "texture": "#0"},
				"down": {"uv": [9.5, 0, 7, 2.5], "texture": "#0"}
			}
		},
		{
			"name": "eye",
			"from": [9, 6, 2.5],
			"to": [12, 9, 3.5],
			"rotation": {"angle": 0, "axis": "z", "origin": [9, 6, 3]},
			"faces": {
				"north": {"uv": [7.5, 4.75, 8.25, 5.5], "texture": "#0"},
				"east": {"uv": [4.5, 3, 4.75, 3.75], "texture": "#0"},
				"south": {"uv": [8.25, 4.75, 9, 5.5], "texture": "#0"},
				"west": {"uv": [4.75, 3, 5, 3.75], "texture": "#0"},
				"up": {"uv": [8.25, 5.75, 7.5, 5.5], "texture": "#0"},
				"down": {"uv": [8.25, 5.75, 7.5, 6], "texture": "#0"}
			}
		},
		{
			"name": "eye",
			"from": [4, 6, 2.5],
			"to": [7, 9, 3.5],
			"rotation": {"angle": 0, "axis": "z", "origin": [4, 6, 3]},
			"faces": {
				"north": {"uv": [7, 8.25, 7.75, 9], "texture": "#0"},
				"east": {"uv": [4.5, 6.75, 4.75, 7.5], "texture": "#0"},
				"south": {"uv": [7.75, 8.25, 8.5, 9], "texture": "#0"},
				"west": {"uv": [4.75, 6.75, 5, 7.5], "texture": "#0"},
				"up": {"uv": [9, 5.75, 8.25, 5.5], "texture": "#0"},
				"down": {"uv": [9, 5.75, 8.25, 6], "texture": "#0"}
			}
		},
		{
			"name": "pupil",
			"from": [5.75, 7.25, 2.4],
			"to": [6.3, 7.95, 3.4],
			"rotation": {"angle": 0, "axis": "z", "origin": [3.3, 4.95, 2.9]},
			"faces": {
				"north": {"uv": [4.5, 8, 4.75, 8.25], "texture": "#0"},
				"east": {"uv": [4.75, 8, 5, 8.25], "texture": "#0"},
				"south": {"uv": [4.5, 8.25, 4.75, 8.5], "texture": "#0"},
				"west": {"uv": [4.75, 8.25, 5, 8.5], "texture": "#0"},
				"up": {"uv": [4.75, 8.75, 4.5, 8.5], "texture": "#0"},
				"down": {"uv": [5, 8.5, 4.75, 8.75], "texture": "#0"}
			}
		},
		{
			"name": "pupil",
			"from": [9.65, 7.25, 2.4],
			"to": [10.2, 7.95, 3.4],
			"rotation": {"angle": 0, "axis": "z", "origin": [7.2, 4.95, 2.9]},
			"faces": {
				"north": {"uv": [8.5, 8.25, 8.75, 8.5], "texture": "#0"},
				"east": {"uv": [8.5, 8.5, 8.75, 8.75], "texture": "#0"},
				"south": {"uv": [4.5, 8.75, 4.75, 9], "texture": "#0"},
				"west": {"uv": [4.75, 8.75, 5, 9], "texture": "#0"},
				"up": {"uv": [9, 8.5, 8.75, 8.25], "texture": "#0"},
				"down": {"uv": [8.75, 8.75, 8.5, 9], "texture": "#0"}
			}
		},
		{
			"name": "nut",
			"from": [4, -1.25, 3.5],
			"to": [12, 13.25, 12.5],
			"rotation": {"angle": 0, "axis": "y", "origin": [4, 0, 4]},
			"faces": {
				"north": {"uv": [5, 6, 7, 9.75], "texture": "#0"},
				"east": {"uv": [0, 0, 2.25, 3.75], "texture": "#0"},
				"south": {"uv": [0, 6.75, 2, 10.5], "texture": "#0"},
				"west": {"uv": [2.25, 0, 4.5, 3.75], "texture": "#0"},
				"up": {"uv": [9, 8.25, 7, 6], "texture": "#0"},
				"down": {"uv": [9.5, 2.5, 7.5, 4.75], "texture": "#0"}
			}
		},
		{
			"name": "smile",
			"from": [11.17, 6.43, 2.801],
			"to": [11.67, 7.93, 2.801],
			"rotation": {"angle": 45, "axis": "z", "origin": [12.2, 1.45, 4.8]},
			"faces": {
				"north": {"uv": [7, 2.5, 7.25, 3], "texture": "#0"},
				"east": {"uv": [0, 0, 0, 0.5], "texture": "#0"},
				"south": {"uv": [7.25, 2.5, 7.5, 3], "texture": "#0"},
				"west": {"uv": [0, 0, 0, 0.5], "texture": "#0"},
				"up": {"uv": [0.25, 0, 0, 0], "texture": "#0"},
				"down": {"uv": [0.25, 0, 0, 0], "texture": "#0"}
			}
		},
		{
			"name": "smile",
			"from": [10.25, 2.7, 2.8],
			"to": [11.75, 3.2, 2.8],
			"rotation": {"angle": 45, "axis": "z", "origin": [7.25, 0.7, 4.8]},
			"faces": {
				"north": {"uv": [4.5, 7.5, 5, 7.75], "texture": "#0"},
				"east": {"uv": [0, 0, 0, 0.25], "texture": "#0"},
				"south": {"uv": [4.5, 7.75, 5, 8], "texture": "#0"},
				"west": {"uv": [0, 0, 0, 0.25], "texture": "#0"},
				"up": {"uv": [0.5, 0, 0, 0], "texture": "#0"},
				"down": {"uv": [0.5, 0, 0, 0], "texture": "#0"}
			}
		}
	],
	"display": {
		"thirdperson_righthand": {
			"rotation": [69, 0, 0],
			"translation": [0, 2.25, 2.75],
			"scale": [0.7, 0.7, 0.7]
		},
		"thirdperson_lefthand": {
			"rotation": [69, 0, 0],
			"translation": [0, 2.25, 2.75],
			"scale": [0.7, 0.7, 0.7]
		},
		"firstperson_righthand": {
			"rotation": [0, 100, 0],
			"translation": [0, 3.25, 0],
			"scale": [0.7, 0.7, 0.7]
		},
		"firstperson_lefthand": {
			"rotation": [0, 100, 0],
			"translation": [0, 3.25, 0],
			"scale": [0.7, 0.7, 0.7]
		},
		"ground": {
			"translation": [0, 5.5, 0]
		},
		"gui": {
			"rotation": [20, 146, 0],
			"translation": [0, 1.75, 0],
			"scale": [0.9, 0.9, 0.9]
		},
		"head": {
			"rotation": [0, -19, 12],
			"translation": [-2, 13, 0],
			"scale": [0.8, 0.8, 0.8]
		},
		"fixed": {
			"translation": [0, 0, -4]
		}
	}
}