{
	"credit": "Made with Blockbench",
	"texture_size": [32, 32],
	"textures": {
		"0": "pvz:item/shooter",
		"particle": "pvz:item/shooter"
	},
	"elements": [
		{
			"from": [4.85, 7.4, 6.6],
			"to": [10.65, 11.6, 11.4],
			"rotation": {"angle": 0, "axis": "y", "origin": [6.25, 7, 11]},
			"faces": {
				"north": {"uv": [6, 2.5, 9, 4.5], "texture": "#0"},
				"east": {"uv": [5, 7.5, 7.5, 9.5], "texture": "#0"},
				"south": {"uv": [7.5, 4.5, 10.5, 6.5], "texture": "#0"},
				"west": {"uv": [7.5, 6.5, 10, 8.5], "texture": "#0"},
				"up": {"uv": [3, 2.5, 0, 0], "texture": "#0"},
				"down": {"uv": [3, 2.5, 0, 5], "texture": "#0"}
			}
		},
		{
			"name": "eye",
			"from": [6.85, 10.3, 5.98],
			"to": [7.25, 10.8, 5.98],
			"rotation": {"angle": 0, "axis": "y", "origin": [5.05, 10.45, 10.75]},
			"faces": {
				"north": {"uv": [14.5, 1, 15, 1.5], "texture": "#0"},
				"east": {"uv": [0, 0, 0, 0.5], "texture": "#0"},
				"south": {"uv": [1.5, 14.5, 2, 15], "texture": "#0"},
				"west": {"uv": [0, 0, 0, 0.5], "texture": "#0"},
				"up": {"uv": [0.5, 0, 0, 0], "texture": "#0"},
				"down": {"uv": [0.5, 0, 0, 0], "texture": "#0"}
			}
		},
		{
			"name": "eye",
			"from": [8.95, 10.3, 5.98],
			"to": [9.35, 10.8, 5.98],
			"rotation": {"angle": 0, "axis": "y", "origin": [7.15, 10.45, 10.75]},
			"faces": {
				"north": {"uv": [14.5, 0.5, 15, 1], "texture": "#0"},
				"east": {"uv": [0, 0, 0, 0.5], "texture": "#0"},
				"south": {"uv": [1, 14.5, 1.5, 15], "texture": "#0"},
				"west": {"uv": [0, 0, 0, 0.5], "texture": "#0"},
				"up": {"uv": [0.5, 0, 0, 0], "texture": "#0"},
				"down": {"uv": [0.5, 0, 0, 0], "texture": "#0"}
			}
		},
		{
			"name": "eye",
			"from": [8.25, 9.4, 5.99],
			"to": [9.65, 10.9, 5.99],
			"rotation": {"angle": 0, "axis": "y", "origin": [6.95, 10.05, 10.75]},
			"faces": {
				"north": {"uv": [13.5, 6, 14, 6.5], "texture": "#0"},
				"east": {"uv": [0, 0, 0, 0.5], "texture": "#0"},
				"south": {"uv": [14.5, 0, 15, 0.5], "texture": "#0"},
				"west": {"uv": [0, 0, 0, 0.5], "texture": "#0"},
				"up": {"uv": [0.5, 0, 0, 0], "texture": "#0"},
				"down": {"uv": [0.5, 0, 0, 0], "texture": "#0"}
			}
		},
		{
			"name": "eye",
			"from": [5.95, 9.4, 5.99],
			"to": [7.35, 10.9, 5.99],
			"rotation": {"angle": 0, "axis": "y", "origin": [4.65, 10.05, 10.75]},
			"faces": {
				"north": {"uv": [13, 6, 13.5, 6.5], "texture": "#0"},
				"east": {"uv": [0, 0, 0, 0.5], "texture": "#0"},
				"south": {"uv": [2.5, 13.5, 3, 14], "texture": "#0"},
				"west": {"uv": [0, 0, 0, 0.5], "texture": "#0"},
				"up": {"uv": [0.5, 0, 0, 0], "texture": "#0"},
				"down": {"uv": [0.5, 0, 0, 0], "texture": "#0"}
			}
		},
		{
			"name": "nose",
			"from": [7.05, 7.4, 3.95],
			"to": [8.45, 8.8, 5.35],
			"rotation": {"angle": 0, "axis": "y", "origin": [5.75, 7.35, 8.75]},
			"faces": {
				"north": {"uv": [7, 4.5, 7.5, 5], "texture": "#0"},
				"east": {"uv": [8.5, 1.5, 9, 2], "texture": "#0"},
				"south": {"uv": [8.5, 2, 9, 2.5], "texture": "#0"},
				"west": {"uv": [7, 9.5, 7.5, 10], "texture": "#0"},
				"up": {"uv": [12, 4.5, 11.5, 4], "texture": "#0"},
				"down": {"uv": [7, 12, 6.5, 12.5], "texture": "#0"}
			}
		},
		{
			"from": [7.75, 0, 4.5],
			"to": [12.75, 2, 7.5],
			"rotation": {"angle": 45, "axis": "y", "origin": [10.75, 0, 6.5]},
			"faces": {
				"north": {"uv": [11.5, 2, 14, 3], "texture": "#0"},
				"east": {"uv": [12.5, 11.5, 14, 12.5], "texture": "#0"},
				"south": {"uv": [11.5, 3, 14, 4], "texture": "#0"},
				"west": {"uv": [12.5, 12.5, 14, 13.5], "texture": "#0"},
				"up": {"uv": [11, 1.5, 8.5, 0], "texture": "#0"},
				"down": {"uv": [10, 8.5, 7.5, 10], "texture": "#0"}
			}
		},
		{
			"from": [3.749, -0.001, 4.499],
			"to": [8.751, 1.991, 7.501],
			"rotation": {"angle": -45, "axis": "y", "origin": [5.75, 0, 5.5]},
			"faces": {
				"north": {"uv": [11.5, 6.5, 14, 7.5], "texture": "#0"},
				"east": {"uv": [13, 0, 14.5, 1], "texture": "#0"},
				"south": {"uv": [11.5, 7.5, 14, 8.5], "texture": "#0"},
				"west": {"uv": [13, 1, 14.5, 2], "texture": "#0"},
				"up": {"uv": [11.5, 3, 9, 1.5], "texture": "#0"},
				"down": {"uv": [11.5, 3, 9, 4.5], "texture": "#0"}
			}
		},
		{
			"from": [8.749, -0.001, 7.099],
			"to": [11.751, 1.501, 11.601],
			"rotation": {"angle": 22.5, "axis": "y", "origin": [9.75, 0, 10.1]},
			"faces": {
				"north": {"uv": [3, 13, 4.5, 14], "texture": "#0"},
				"east": {"uv": [11.5, 8.5, 14, 9.5], "texture": "#0"},
				"south": {"uv": [1, 13.5, 2.5, 14.5], "texture": "#0"},
				"west": {"uv": [11.5, 9.5, 14, 10.5], "texture": "#0"},
				"up": {"uv": [5.5, 12, 4, 9.5], "texture": "#0"},
				"down": {"uv": [7, 9.5, 5.5, 12], "texture": "#0"}
			}
		},
		{
			"from": [4.75, 0, 7.1],
			"to": [7.75, 1.5, 11.6],
			"rotation": {"angle": -22.5, "axis": "y", "origin": [5.75, 0, 10.1]},
			"faces": {
				"north": {"uv": [6.5, 13.5, 8, 14.5], "texture": "#0"},
				"east": {"uv": [10, 11.5, 12.5, 12.5], "texture": "#0"},
				"south": {"uv": [8, 13.5, 9.5, 14.5], "texture": "#0"},
				"west": {"uv": [11.5, 10.5, 14, 11.5], "texture": "#0"},
				"up": {"uv": [11.5, 9, 10, 6.5], "texture": "#0"},
				"down": {"uv": [8.5, 10, 7, 12.5], "texture": "#0"}
			}
		},
		{
			"from": [5.55, 10.4, 6.6],
			"to": [9.95, 12.4, 11.4],
			"rotation": {"angle": 0, "axis": "y", "origin": [6.25, 10.4, 11.2]},
			"faces": {
				"north": {"uv": [12, 5, 14, 6], "texture": "#0"},
				"east": {"uv": [3, 12, 5.5, 13], "texture": "#0"},
				"south": {"uv": [1, 12.5, 3, 13.5], "texture": "#0"},
				"west": {"uv": [12, 4, 14.5, 5], "texture": "#0"},
				"up": {"uv": [2, 10.5, 0, 8], "texture": "#0"},
				"down": {"uv": [4, 8, 2, 10.5], "texture": "#0"}
			}
		},
		{
			"from": [7.45, 10.4, 10.4],
			"to": [8.25, 12.9, 11.2],
			"rotation": {"angle": 22.5, "axis": "x", "origin": [8.05, 10.4, 11]},
			"faces": {
				"north": {"uv": [11, 0, 11.5, 1.5], "texture": "#0"},
				"east": {"uv": [14, 10, 14.5, 11.5], "texture": "#0"},
				"south": {"uv": [14, 11.5, 14.5, 13], "texture": "#0"},
				"west": {"uv": [14, 13, 14.5, 14.5], "texture": "#0"},
				"up": {"uv": [15, 2, 14.5, 1.5], "texture": "#0"},
				"down": {"uv": [2.5, 14.5, 2, 15], "texture": "#0"}
			}
		},
		{
			"from": [6.95, 12.9, 10.1],
			"to": [8.75, 13.2, 12.3],
			"rotation": {"angle": 22.5, "axis": "x", "origin": [8.05, 10, 10.8]},
			"faces": {
				"north": {"uv": [6, 4.5, 7, 5], "texture": "#0"},
				"east": {"uv": [4, 9, 5, 9.5], "texture": "#0"},
				"south": {"uv": [3, 11.5, 4, 12], "texture": "#0"},
				"west": {"uv": [12, 6, 13, 6.5], "texture": "#0"},
				"up": {"uv": [15, 9, 14, 8], "texture": "#0"},
				"down": {"uv": [15, 9, 14, 10], "texture": "#0"}
			}
		},
		{
			"from": [6.05, 6.4, 7.2],
			"to": [9.45, 8.4, 11.2],
			"rotation": {"angle": 0, "axis": "y", "origin": [6.25, 6.4, 11.2]},
			"faces": {
				"north": {"uv": [12.5, 13.5, 14, 14.5], "texture": "#0"},
				"east": {"uv": [6.5, 12.5, 8.5, 13.5], "texture": "#0"},
				"south": {"uv": [14, 2, 15.5, 3], "texture": "#0"},
				"west": {"uv": [8.5, 12.5, 10.5, 13.5], "texture": "#0"},
				"up": {"uv": [1.5, 12.5, 0, 10.5], "texture": "#0"},
				"down": {"uv": [3, 10.5, 1.5, 12.5], "texture": "#0"}
			}
		},
		{
			"from": [6.5, 3.42473, 5.7421],
			"to": [9, 8.42473, 7.9421],
			"rotation": {"angle": 22.5, "axis": "x", "origin": [10.75, 0.42473, 7.8421]},
			"faces": {
				"north": {"uv": [8.5, 10, 10, 12.5], "texture": "#0"},
				"east": {"uv": [5.5, 12, 6.5, 14.5], "texture": "#0"},
				"south": {"uv": [10, 9, 11.5, 11.5], "texture": "#0"},
				"west": {"uv": [0, 12.5, 1, 15], "texture": "#0"},
				"up": {"uv": [4, 15, 2.5, 14], "texture": "#0"},
				"down": {"uv": [15.5, 3, 14, 4], "texture": "#0"}
			}
		},
		{
			"from": [6.501, 0.001, 7.051],
			"to": [8.999, 3.999, 9.249],
			"rotation": {"angle": 0, "axis": "y", "origin": [10.75, -3, 9.15]},
			"faces": {
				"north": {"uv": [10.5, 4.5, 12, 6.5], "texture": "#0"},
				"east": {"uv": [10.5, 12.5, 11.5, 14.5], "texture": "#0"},
				"south": {"uv": [11.5, 0, 13, 2], "texture": "#0"},
				"west": {"uv": [11.5, 12.5, 12.5, 14.5], "texture": "#0"},
				"up": {"uv": [5.5, 15, 4, 14], "texture": "#0"},
				"down": {"uv": [15.5, 5, 14, 6], "texture": "#0"}
			}
		},
		{
			"from": [6.75, 7.099, 4],
			"to": [8.75, 9.099, 6],
			"rotation": {"angle": 0, "axis": "y", "origin": [5.75, 7.1, 9]},
			"faces": {
				"north": {"uv": [4, 8, 5, 9], "texture": "#0"},
				"east": {"uv": [3, 10.5, 4, 11.5], "texture": "#0"},
				"south": {"uv": [4.5, 13, 5.5, 14], "texture": "#0"},
				"west": {"uv": [9.5, 13.5, 10.5, 14.5], "texture": "#0"},
				"up": {"uv": [15, 7, 14, 6], "texture": "#0"},
				"down": {"uv": [15, 7, 14, 8], "texture": "#0"}
			}
		},
		{
			"from": [5.25, 7, 6],
			"to": [10.25, 12, 12],
			"rotation": {"angle": 0, "axis": "y", "origin": [6.25, 7, 11]},
			"faces": {
				"north": {"uv": [5, 5, 7.5, 7.5], "texture": "#0"},
				"east": {"uv": [3, 0, 6, 2.5], "texture": "#0"},
				"south": {"uv": [6, 0, 8.5, 2.5], "texture": "#0"},
				"west": {"uv": [3, 2.5, 6, 5], "texture": "#0"},
				"up": {"uv": [2.5, 8, 0, 5], "texture": "#0"},
				"down": {"uv": [5, 5, 2.5, 8], "texture": "#0"}
			}
		}
	],
	"display": {
		"thirdperson_righthand": {
			"rotation": [70, 0, 0],
			"translation": [0, 3.5, 4],
			"scale": [0.75, 0.75, 0.75]
		},
		"thirdperson_lefthand": {
			"rotation": [70, 0, 0],
			"translation": [0, 3.5, 4],
			"scale": [0.75, 0.75, 0.75]
		},
		"firstperson_righthand": {
			"translation": [0, 3.25, 0]
		},
		"firstperson_lefthand": {
			"translation": [0, 3.25, 0]
		},
		"ground": {
			"translation": [0, 3.75, 0]
		},
		"gui": {
			"rotation": [9, 146, 0],
			"translation": [-0.25, 1, 0]
		},
		"head": {
			"translation": [0, 14, 0]
		},
		"fixed": {
			"translation": [0, 3, -4.5]
		}
	}
}