{
	"credit": "Made with Blockbench",
	"texture_size": [32, 32],
	"textures": {
		"0": "pvz:item/shooter",
		"particle": "pvz:item/shooter"
	},
	"elements": [
		{
			"from": [7.75, 0, 5],
			"to": [12.75, 2, 8],
			"rotation": {"angle": 45, "axis": "y", "origin": [10.75, 0, 7]},
			"faces": {
				"north": {"uv": [1.5, 5.5, 3.5, 6], "texture": "#0"},
				"east": {"uv": [0, 5.5, 1.5, 6], "texture": "#0"},
				"south": {"uv": [5, 5.5, 7, 6], "texture": "#0"},
				"west": {"uv": [3.5, 5.5, 5, 6], "texture": "#0"},
				"up": {"uv": [3.5, 5.5, 1.5, 4], "texture": "#0"},
				"down": {"uv": [5.5, 4, 3.5, 5.5], "texture": "#0"}
			}
		},
		{
			"from": [3.75, 0, 5],
			"to": [8.75, 2, 8],
			"rotation": {"angle": -45, "axis": "y", "origin": [5.75, 0, 6]},
			"faces": {
				"north": {"uv": [1.5, 7.5, 3.5, 8], "texture": "#0"},
				"east": {"uv": [0, 7.5, 1.5, 8], "texture": "#0"},
				"south": {"uv": [5, 7.5, 7, 8], "texture": "#0"},
				"west": {"uv": [3.5, 7.5, 5, 8], "texture": "#0"},
				"up": {"uv": [3.5, 7.5, 1.5, 6], "rotation": 180, "texture": "#0"},
				"down": {"uv": [5.5, 6, 3.5, 7.5], "rotation": 180, "texture": "#0"}
			}
		},
		{
			"from": [8.75, 0, 8],
			"to": [11.75, 1.5, 12.5],
			"rotation": {"angle": 22.5, "axis": "y", "origin": [9.75, 0, 11]},
			"faces": {
				"north": {"uv": [10.5, 5.5, 12, 6], "texture": "#0"},
				"east": {"uv": [8.5, 5.5, 10.5, 6], "texture": "#0"},
				"south": {"uv": [7, 5.5, 8.5, 6], "texture": "#0"},
				"west": {"uv": [12, 5.5, 14, 6], "texture": "#0"},
				"up": {"uv": [10.5, 5.5, 8.5, 4], "rotation": 90, "texture": "#0"},
				"down": {"uv": [12.5, 4, 10.5, 5.5], "rotation": 270, "texture": "#0"}
			}
		},
		{
			"from": [4.75, 0, 8],
			"to": [7.75, 1.5, 12.5],
			"rotation": {"angle": -22.5, "axis": "y", "origin": [5.75, 0, 11]},
			"faces": {
				"north": {"uv": [10.5, 5.5, 12, 6], "texture": "#0"},
				"east": {"uv": [8.5, 5.5, 10.5, 6], "texture": "#0"},
				"south": {"uv": [7, 5.5, 8.5, 6], "texture": "#0"},
				"west": {"uv": [12, 5.5, 14, 6], "texture": "#0"},
				"up": {"uv": [10.5, 5.5, 8.5, 4], "rotation": 90, "texture": "#0"},
				"down": {"uv": [12.5, 4, 10.5, 5.5], "rotation": 270, "texture": "#0"}
			}
		},
		{
			"from": [6.249, 12, 12],
			"to": [9.249, 13, 14],
			"rotation": {"angle": 45, "axis": "x", "origin": [8.25, 12, 13]},
			"faces": {
				"north": {"uv": [9, 3.5, 10.5, 4], "texture": "#0"},
				"east": {"uv": [8, 3.5, 9, 4], "texture": "#0"},
				"south": {"uv": [11.5, 3.5, 13, 4], "texture": "#0"},
				"west": {"uv": [10.5, 3.5, 11.5, 4], "texture": "#0"},
				"up": {"uv": [10.5, 3.5, 9, 2.5], "texture": "#0"},
				"down": {"uv": [12, 2.5, 10.5, 3.5], "texture": "#0"}
			}
		},
		{
			"from": [5.25, 7, 8],
			"to": [10.25, 12, 13],
			"rotation": {"angle": 0, "axis": "y", "origin": [6.25, 7, 13]},
			"faces": {
				"north": {"uv": [2, 2, 4, 4], "texture": "#0"},
				"east": {"uv": [0, 2, 2, 4], "texture": "#0"},
				"south": {"uv": [6, 2, 8, 4], "texture": "#0"},
				"west": {"uv": [4, 2, 6, 4], "texture": "#0"},
				"up": {"uv": [4, 2, 2, 0], "texture": "#0"},
				"down": {"uv": [6, 0, 4, 2], "texture": "#0"}
			}
		},
		{
			"from": [6.5, 1, 7.05],
			"to": [9, 9, 9.25],
			"rotation": {"angle": 22.5, "axis": "x", "origin": [10.75, 1, 9.15]},
			"faces": {
				"north": {"uv": [1, 9, 2, 11.5], "texture": "#0"},
				"east": {"uv": [0, 9, 1, 11.5], "texture": "#0"},
				"south": {"uv": [3, 9, 4, 11.5], "texture": "#0"},
				"west": {"uv": [2, 9, 3, 11.5], "texture": "#0"},
				"up": {"uv": [2, 9, 1, 8], "texture": "#0"},
				"down": {"uv": [3, 8, 2, 9], "texture": "#0"}
			}
		},
		{
			"from": [6.75, 6.999, 6],
			"to": [8.75, 8.999, 9],
			"rotation": {"angle": 0, "axis": "y", "origin": [5.75, 7, 11]},
			"faces": {
				"north": {"uv": [9.5, 1.5, 10.5, 2.5], "texture": "#0"},
				"east": {"uv": [8, 1.5, 9.5, 2.5], "texture": "#0"},
				"south": {"uv": [12, 1.5, 13, 2.5], "texture": "#0"},
				"west": {"uv": [10.5, 1.5, 12, 2.5], "texture": "#0"},
				"up": {"uv": [10.5, 1.5, 9.5, 0], "texture": "#0"},
				"down": {"uv": [11.5, 0, 10.5, 1.5], "texture": "#0"}
			}
		},
		{
			"name": "nose",
			"from": [7.05, 7.3, 5.9],
			"to": [8.45, 8.7, 7.3],
			"rotation": {"angle": 0, "axis": "y", "origin": [5.75, 7.25, 10.75]},
			"faces": {
				"north": {"uv": [4.5, 8.5, 5, 9], "texture": "#0"},
				"east": {"uv": [4, 8.5, 4.5, 9], "texture": "#0"},
				"south": {"uv": [5.5, 8.5, 6, 9], "texture": "#0"},
				"west": {"uv": [5, 8.5, 5.5, 9], "texture": "#0"},
				"up": {"uv": [5, 8.5, 4.5, 8], "texture": "#0"},
				"down": {"uv": [5.5, 8, 5, 8.5], "texture": "#0"}
			}
		}
	]
}