{
	"credit": "Made with Blockbench",
	"texture_size": [64, 64],
	"textures": {
		"0": "block/snowpea",
		"particle": "block/snowpea"
	},
	"elements": [
		{
			"from": [7.75, 0, 4.5],
			"to": [12.75, 2, 7.5],
			"rotation": {"angle": 45, "axis": "y", "origin": [10.75, 0, 6.5]},
			"faces": {
				"north": {"uv": [6.25, 3.25, 7.5, 3.75], "texture": "#0"},
				"east": {"uv": [6.5, 7, 7.25, 7.5], "texture": "#0"},
				"south": {"uv": [6.25, 5.5, 7.5, 6], "texture": "#0"},
				"west": {"uv": [0, 7.25, 0.75, 7.75], "texture": "#0"},
				"up": {"uv": [6.5, 4.5, 5.25, 3.75], "texture": "#0"},
				"down": {"uv": [6.75, 0, 5.5, 0.75], "texture": "#0"}
			}
		},
		{
			"from": [3.749, -0.001, 4.499],
			"to": [8.751, 1.991, 7.501],
			"rotation": {"angle": -45, "axis": "y", "origin": [5.75, 0, 5.5]},
			"faces": {
				"north": {"uv": [6.25, 6, 7.5, 6.5], "texture": "#0"},
				"east": {"uv": [0.75, 7.25, 1.5, 7.75], "texture": "#0"},
				"south": {"uv": [6.5, 3.75, 7.75, 4.25], "texture": "#0"},
				"west": {"uv": [2.5, 7.25, 3.25, 7.75], "texture": "#0"},
				"up": {"uv": [6.75, 1.5, 5.5, 0.75], "texture": "#0"},
				"down": {"uv": [6.75, 1.5, 5.5, 2.25], "texture": "#0"}
			}
		},
		{
			"from": [8.749, -0.001, 7.099],
			"to": [11.751, 1.501, 11.601],
			"rotation": {"angle": 22.5, "axis": "y", "origin": [9.75, 0, 10.1]},
			"faces": {
				"north": {"uv": [3.25, 7.25, 4, 7.75], "texture": "#0"},
				"east": {"uv": [6.25, 6.5, 7.5, 7], "texture": "#0"},
				"south": {"uv": [7.25, 7, 8, 7.5], "texture": "#0"},
				"west": {"uv": [6.75, 0, 8, 0.5], "texture": "#0"},
				"up": {"uv": [6.25, 5.75, 5.5, 4.5], "texture": "#0"},
				"down": {"uv": [6.25, 5.75, 5.5, 7], "texture": "#0"}
			}
		},
		{
			"from": [4.75, 0, 7.1],
			"to": [7.75, 1.5, 11.6],
			"rotation": {"angle": -22.5, "axis": "y", "origin": [5.75, 0, 10.1]},
			"faces": {
				"north": {"uv": [7.5, 3, 8.25, 3.5], "texture": "#0"},
				"east": {"uv": [6.75, 0.5, 8, 1], "texture": "#0"},
				"south": {"uv": [7.5, 4.25, 8.25, 4.75], "texture": "#0"},
				"west": {"uv": [6.75, 1, 8, 1.5], "texture": "#0"},
				"up": {"uv": [0.75, 7.25, 0, 6], "texture": "#0"},
				"down": {"uv": [1.5, 6, 0.75, 7.25], "texture": "#0"}
			}
		},
		{
			"from": [5.55, 10.4, 6.6],
			"to": [9.95, 12.4, 11.4],
			"rotation": {"angle": 0, "axis": "y", "origin": [6.25, 10.4, 11.2]},
			"faces": {
				"north": {"uv": [3, 4.25, 4, 4.75], "texture": "#0"},
				"east": {"uv": [6.75, 1.5, 8, 2], "texture": "#0"},
				"south": {"uv": [7, 2.5, 8, 3], "texture": "#0"},
				"west": {"uv": [7, 2, 8.25, 2.5], "texture": "#0"},
				"up": {"uv": [2.5, 6.5, 1.5, 5.25], "texture": "#0"},
				"down": {"uv": [6.25, 2.5, 5.25, 3.75], "texture": "#0"}
			}
		},
		{
			"from": [6.05, 6.4, 7.2],
			"to": [9.45, 8.4, 11.2],
			"rotation": {"angle": 0, "axis": "y", "origin": [6.25, 6.4, 11.2]},
			"faces": {
				"north": {"uv": [7.5, 5.75, 8.25, 6.25], "texture": "#0"},
				"east": {"uv": [4.5, 7, 5.5, 7.5], "texture": "#0"},
				"south": {"uv": [6, 7.5, 6.75, 8], "texture": "#0"},
				"west": {"uv": [5.5, 7, 6.5, 7.5], "texture": "#0"},
				"up": {"uv": [7, 3.25, 6.25, 2.25], "texture": "#0"},
				"down": {"uv": [7, 4.5, 6.25, 5.5], "texture": "#0"}
			}
		},
		{
			"from": [6.5, 3.42473, 5.7421],
			"to": [9, 8.42473, 7.9421],
			"rotation": {"angle": 22.5, "axis": "x", "origin": [10.75, 0.42473, 7.8421]},
			"faces": {
				"north": {"uv": [2.5, 6, 3.25, 7.25], "texture": "#0"},
				"east": {"uv": [1.5, 6.5, 2, 7.75], "texture": "#0"},
				"south": {"uv": [3.25, 6, 4, 7.25], "texture": "#0"},
				"west": {"uv": [2, 6.5, 2.5, 7.75], "texture": "#0"},
				"up": {"uv": [5.25, 8, 4.5, 7.5], "texture": "#0"},
				"down": {"uv": [8.25, 4.75, 7.5, 5.25], "texture": "#0"}
			}
		},
		{
			"from": [6.501, 0.001, 7.051],
			"to": [8.999, 3.999, 9.249],
			"rotation": {"angle": 0, "axis": "x", "origin": [10.75, -3, 9.15]},
			"faces": {
				"north": {"uv": [4, 6, 4.75, 7], "texture": "#0"},
				"east": {"uv": [4, 7, 4.5, 8], "texture": "#0"},
				"south": {"uv": [4.75, 6, 5.5, 7], "texture": "#0"},
				"west": {"uv": [7, 4.25, 7.5, 5.25], "texture": "#0"},
				"up": {"uv": [6, 8, 5.25, 7.5], "texture": "#0"},
				"down": {"uv": [8.25, 5.25, 7.5, 5.75], "texture": "#0"}
			}
		},
		{
			"from": [6.75, 7.099, 4],
			"to": [8.75, 9.099, 6],
			"rotation": {"angle": 0, "axis": "y", "origin": [5.75, 7.1, 9]},
			"faces": {
				"north": {"uv": [2.5, 5.25, 3, 5.75], "texture": "#0"},
				"east": {"uv": [7.5, 6.25, 8, 6.75], "texture": "#0"},
				"south": {"uv": [6.75, 7.5, 7.25, 8], "texture": "#0"},
				"west": {"uv": [7.25, 7.5, 7.75, 8], "texture": "#0"},
				"up": {"uv": [0.5, 8.25, 0, 7.75], "texture": "#0"},
				"down": {"uv": [1, 7.75, 0.5, 8.25], "texture": "#0"}
			}
		},
		{
			"from": [5.25, 7, 6],
			"to": [10.25, 12, 12],
			"rotation": {"angle": 0, "axis": "y", "origin": [6.25, 7, 11]},
			"faces": {
				"north": {"uv": [4, 3.75, 5.25, 5], "texture": "#0"},
				"east": {"uv": [0, 2.5, 1.5, 3.75], "texture": "#0"},
				"south": {"uv": [4.25, 0, 5.5, 1.25], "texture": "#0"},
				"west": {"uv": [2.75, 0, 4.25, 1.25], "texture": "#0"},
				"up": {"uv": [4, 2.75, 2.75, 1.25], "texture": "#0"},
				"down": {"uv": [4, 2.75, 2.75, 4.25], "texture": "#0"}
			}
		},
		{
			"from": [4.85, 7.4, 6.6],
			"to": [10.65, 11.6, 11.4],
			"rotation": {"angle": 0, "axis": "y", "origin": [6.25, 7, 11]},
			"faces": {
				"north": {"uv": [1.5, 4.25, 3, 5.25], "texture": "#0"},
				"east": {"uv": [3, 5, 4.25, 6], "texture": "#0"},
				"south": {"uv": [0, 5, 1.5, 6], "texture": "#0"},
				"west": {"uv": [4.25, 5, 5.5, 6], "texture": "#0"},
				"up": {"uv": [1.5, 5, 0, 3.75], "texture": "#0"},
				"down": {"uv": [5.5, 1.25, 4, 2.5], "texture": "#0"}
			}
		},
		{
			"from": [8.65, 10.9, 9.6],
			"to": [9.15, 12.7, 10],
			"rotation": {"angle": -22.5, "axis": "y", "origin": [4.85, 12.1, 13.9]},
			"faces": {
				"north": {"uv": [5.25, 4.5, 5.5, 5], "texture": "#0"},
				"east": {"uv": [3, 7.75, 3.25, 8.25], "texture": "#0"},
				"south": {"uv": [3.25, 7.75, 3.5, 8.25], "texture": "#0"},
				"west": {"uv": [3.5, 7.75, 3.75, 8.25], "texture": "#0"},
				"up": {"uv": [3.25, 5, 3, 4.75], "texture": "#0"},
				"down": {"uv": [3.5, 4.75, 3.25, 5], "texture": "#0"}
			}
		},
		{
			"from": [8.55, 11, 9.5],
			"to": [9.25, 12.6, 10.1],
			"rotation": {"angle": -22.5, "axis": "y", "origin": [4.85, 10.6, 13.9]},
			"faces": {
				"north": {"uv": [7.75, 3.5, 8, 4], "texture": "#0"},
				"east": {"uv": [3.75, 7.75, 4, 8.25], "texture": "#0"},
				"south": {"uv": [7.75, 7.5, 8, 8], "texture": "#0"},
				"west": {"uv": [8, 0, 8.25, 0.5], "texture": "#0"},
				"up": {"uv": [3.75, 5, 3.5, 4.75], "texture": "#0"},
				"down": {"uv": [4, 4.75, 3.75, 5], "texture": "#0"}
			}
		},
		{
			"from": [7.15, 11.3, 12.7],
			"to": [7.65, 13.1, 13.1],
			"rotation": {"angle": 22.5, "axis": "y", "origin": [3.35, 12.5, 17]},
			"faces": {
				"north": {"uv": [8, 0.5, 8.25, 1], "texture": "#0"},
				"east": {"uv": [8, 1, 8.25, 1.5], "texture": "#0"},
				"south": {"uv": [8, 1.5, 8.25, 2], "texture": "#0"},
				"west": {"uv": [8, 2.5, 8.25, 3], "texture": "#0"},
				"up": {"uv": [5.75, 2.5, 5.5, 2.25], "texture": "#0"},
				"down": {"uv": [6, 2.25, 5.75, 2.5], "texture": "#0"}
			}
		},
		{
			"from": [7.05, 11.4, 12.6],
			"to": [7.75, 13, 13.2],
			"rotation": {"angle": 22.5, "axis": "y", "origin": [3.35, 11, 17]},
			"faces": {
				"north": {"uv": [8, 3.5, 8.25, 4], "texture": "#0"},
				"east": {"uv": [4, 8, 4.25, 8.5], "texture": "#0"},
				"south": {"uv": [4.25, 8, 4.5, 8.5], "texture": "#0"},
				"west": {"uv": [4.5, 8, 4.75, 8.5], "texture": "#0"},
				"up": {"uv": [2.75, 6, 2.5, 5.75], "texture": "#0"},
				"down": {"uv": [3, 5.75, 2.75, 6], "texture": "#0"}
			}
		},
		{
			"from": [12.75, 11.2, 13],
			"to": [13.25, 13, 13.4],
			"rotation": {"angle": 45, "axis": "y", "origin": [8.95, 12.4, 17.3]},
			"faces": {
				"north": {"uv": [4.75, 8, 5, 8.5], "texture": "#0"},
				"east": {"uv": [5, 8, 5.25, 8.5], "texture": "#0"},
				"south": {"uv": [5.25, 8, 5.5, 8.5], "texture": "#0"},
				"west": {"uv": [5.5, 8, 5.75, 8.5], "texture": "#0"},
				"up": {"uv": [6.25, 2.5, 6, 2.25], "texture": "#0"},
				"down": {"uv": [6.75, 4.25, 6.5, 4.5], "texture": "#0"}
			}
		},
		{
			"from": [12.65, 11.3, 12.9],
			"to": [13.35, 12.9, 13.5],
			"rotation": {"angle": 45, "axis": "y", "origin": [8.95, 10.9, 17.3]},
			"faces": {
				"north": {"uv": [5.75, 8, 6, 8.5], "texture": "#0"},
				"east": {"uv": [6, 8, 6.25, 8.5], "texture": "#0"},
				"south": {"uv": [6.25, 8, 6.5, 8.5], "texture": "#0"},
				"west": {"uv": [8, 6.25, 8.25, 6.75], "texture": "#0"},
				"up": {"uv": [7, 2.25, 6.75, 2], "texture": "#0"},
				"down": {"uv": [7, 4.25, 6.75, 4.5], "texture": "#0"}
			}
		},
		{
			"from": [11.05, 11.4, 12.6],
			"to": [11.75, 13.6, 13.3],
			"rotation": {"angle": 22.5, "axis": "y", "origin": [7.35, 12.8, 17.2]},
			"faces": {
				"north": {"uv": [6.5, 8, 6.75, 8.5], "texture": "#0"},
				"east": {"uv": [6.75, 8, 7, 8.5], "texture": "#0"},
				"south": {"uv": [8, 6.75, 8.25, 7.25], "texture": "#0"},
				"west": {"uv": [7, 8, 7.25, 8.5], "texture": "#0"},
				"up": {"uv": [7.25, 3.25, 7, 3], "texture": "#0"},
				"down": {"uv": [7.25, 5.25, 7, 5.5], "texture": "#0"}
			}
		},
		{
			"from": [10.95, 11.5, 12.5],
			"to": [11.85, 13.5, 13.4],
			"rotation": {"angle": 22.5, "axis": "y", "origin": [7.35, 11.3, 17.2]},
			"faces": {
				"north": {"uv": [7.25, 8, 7.5, 8.5], "texture": "#0"},
				"east": {"uv": [8, 7.25, 8.25, 7.75], "texture": "#0"},
				"south": {"uv": [7.5, 8, 7.75, 8.5], "texture": "#0"},
				"west": {"uv": [7.75, 8, 8, 8.5], "texture": "#0"},
				"up": {"uv": [7.5, 3.25, 7.25, 3], "texture": "#0"},
				"down": {"uv": [7.5, 5.25, 7.25, 5.5], "texture": "#0"}
			}
		},
		{
			"from": [9.55, 11.4, 12.3],
			"to": [10.45, 13.6, 13.2],
			"rotation": {"angle": 22.5, "axis": "y", "origin": [5.95, 12.8, 17]},
			"faces": {
				"north": {"uv": [8, 7.75, 8.25, 8.25], "texture": "#0"},
				"east": {"uv": [0, 8.25, 0.25, 8.75], "texture": "#0"},
				"south": {"uv": [8.25, 0, 8.5, 0.5], "texture": "#0"},
				"west": {"uv": [0.25, 8.25, 0.5, 8.75], "texture": "#0"},
				"up": {"uv": [7.75, 3.75, 7.5, 3.5], "texture": "#0"},
				"down": {"uv": [7.75, 6.75, 7.5, 7], "texture": "#0"}
			}
		},
		{
			"from": [9.45, 11.5, 12.2],
			"to": [10.55, 13.5, 13.3],
			"rotation": {"angle": 22.5, "axis": "y", "origin": [5.95, 11.3, 17]},
			"faces": {
				"north": {"uv": [0.5, 8.25, 0.75, 8.75], "texture": "#0"},
				"east": {"uv": [8.25, 0.5, 8.5, 1], "texture": "#0"},
				"south": {"uv": [0.75, 8.25, 1, 8.75], "texture": "#0"},
				"west": {"uv": [8.25, 1, 8.5, 1.5], "texture": "#0"},
				"up": {"uv": [8, 4.25, 7.75, 4], "texture": "#0"},
				"down": {"uv": [8, 6.75, 7.75, 7], "texture": "#0"}
			}
		},
		{
			"from": [6.25, 11, 11.2],
			"to": [7.35, 14, 12.3],
			"rotation": {"angle": 0, "axis": "y", "origin": [2.75, 12.8, 16]},
			"faces": {
				"north": {"uv": [1, 7.75, 1.25, 8.5], "texture": "#0"},
				"east": {"uv": [1.25, 7.75, 1.5, 8.5], "texture": "#0"},
				"south": {"uv": [1.5, 7.75, 1.75, 8.5], "texture": "#0"},
				"west": {"uv": [1.75, 7.75, 2, 8.5], "texture": "#0"},
				"up": {"uv": [8.25, 4.25, 8, 4], "texture": "#0"},
				"down": {"uv": [8.5, 1.5, 8.25, 1.75], "texture": "#0"}
			}
		},
		{
			"from": [6.15, 11.1, 11.1],
			"to": [7.45, 13.9, 12.4],
			"rotation": {"angle": 0, "axis": "y", "origin": [2.75, 11.3, 16]},
			"faces": {
				"north": {"uv": [2, 7.75, 2.25, 8.5], "texture": "#0"},
				"east": {"uv": [2.25, 7.75, 2.5, 8.5], "texture": "#0"},
				"south": {"uv": [2.5, 7.75, 2.75, 8.5], "texture": "#0"},
				"west": {"uv": [2.75, 7.75, 3, 8.5], "texture": "#0"},
				"up": {"uv": [8.5, 2, 8.25, 1.75], "texture": "#0"},
				"down": {"uv": [8.5, 2, 8.25, 2.25], "texture": "#0"}
			}
		},
		{
			"name": "nose",
			"from": [7.05, 7.4, 3.95],
			"to": [8.45, 8.8, 5.35],
			"rotation": {"angle": 0, "axis": "y", "origin": [5.75, 7.35, 8.75]},
			"faces": {
				"north": {"uv": [8.25, 2.25, 8.5, 2.5], "texture": "#0"},
				"east": {"uv": [8.25, 2.5, 8.5, 2.75], "texture": "#0"},
				"south": {"uv": [8.25, 2.75, 8.5, 3], "texture": "#0"},
				"west": {"uv": [3, 8.25, 3.25, 8.5], "texture": "#0"},
				"up": {"uv": [8.5, 3.25, 8.25, 3], "texture": "#0"},
				"down": {"uv": [3.5, 8.25, 3.25, 8.5], "texture": "#0"}
			}
		},
		{
			"name": "eye",
			"from": [8.25, 9.4, 5.99],
			"to": [9.65, 10.9, 5.99],
			"rotation": {"angle": 0, "axis": "y", "origin": [6.95, 10.05, 10.75]},
			"faces": {
				"north": {"uv": [8.25, 3.25, 8.5, 3.5], "texture": "#0"},
				"east": {"uv": [0, 0, 0, 0.25], "texture": "#0"},
				"south": {"uv": [3.5, 8.25, 3.75, 8.5], "texture": "#0"},
				"west": {"uv": [0, 0, 0, 0.25], "texture": "#0"},
				"up": {"uv": [0.25, 0, 0, 0], "texture": "#0"},
				"down": {"uv": [0.25, 0, 0, 0], "texture": "#0"}
			}
		},
		{
			"name": "eye",
			"from": [8.95, 10.3, 5.98],
			"to": [9.35, 10.8, 5.98],
			"rotation": {"angle": 0, "axis": "y", "origin": [7.15, 10.45, 10.75]},
			"faces": {
				"north": {"uv": [8.25, 3.75, 8.5, 4], "texture": "#0"},
				"east": {"uv": [0, 0, 0, 0.25], "texture": "#0"},
				"south": {"uv": [8.25, 4, 8.5, 4.25], "texture": "#0"},
				"west": {"uv": [0, 0, 0, 0.25], "texture": "#0"},
				"up": {"uv": [0.25, 0, 0, 0], "texture": "#0"},
				"down": {"uv": [0.25, 0, 0, 0], "texture": "#0"}
			}
		},
		{
			"name": "eye",
			"from": [6.85, 10.3, 5.98],
			"to": [7.25, 10.8, 5.98],
			"rotation": {"angle": 0, "axis": "y", "origin": [5.05, 10.45, 10.75]},
			"faces": {
				"north": {"uv": [8.25, 4.25, 8.5, 4.5], "texture": "#0"},
				"east": {"uv": [0, 0, 0, 0.25], "texture": "#0"},
				"south": {"uv": [8.25, 4.5, 8.5, 4.75], "texture": "#0"},
				"west": {"uv": [0, 0, 0, 0.25], "texture": "#0"},
				"up": {"uv": [0.25, 0, 0, 0], "texture": "#0"},
				"down": {"uv": [0.25, 0, 0, 0], "texture": "#0"}
			}
		},
		{
			"name": "eye",
			"from": [5.95, 9.4, 5.99],
			"to": [7.35, 10.9, 5.99],
			"rotation": {"angle": 0, "axis": "y", "origin": [4.65, 10.05, 10.75]},
			"faces": {
				"north": {"uv": [8.25, 3.5, 8.5, 3.75], "texture": "#0"},
				"east": {"uv": [0, 0, 0, 0.25], "texture": "#0"},
				"south": {"uv": [3.75, 8.25, 4, 8.5], "texture": "#0"},
				"west": {"uv": [0, 0, 0, 0.25], "texture": "#0"},
				"up": {"uv": [0.25, 0, 0, 0], "texture": "#0"},
				"down": {"uv": [0.25, 0, 0, 0], "texture": "#0"}
			}
		}
	],
	"display": {
		"thirdperson_righthand": {
			"rotation": [70, 0, 0],
			"translation": [0, 3.5, 4],
			"scale": [0.75, 0.75, 0.75]
		},
		"thirdperson_lefthand": {
			"rotation": [70, 0, 0],
			"translation": [0, 3.5, 4],
			"scale": [0.75, 0.75, 0.75]
		},
		"firstperson_righthand": {
			"translation": [0, 3.25, 0]
		},
		"firstperson_lefthand": {
			"translation": [0, 3.25, 0]
		},
		"ground": {
			"translation": [0, 3.75, 0]
		},
		"gui": {
			"rotation": [9, 146, 0],
			"translation": [-0.25, 1, 0]
		},
		"head": {
			"translation": [0, 14, 0]
		},
		"fixed": {
			"translation": [0, 3, -4.5]
		}
	},
	"groups": [
		0,
		1,
		2,
		3,
		4,
		5,
		6,
		7,
		8,
		9,
		10,
		{
			"name": "icicle",
			"origin": [14.25, 7, 11],
			"color": 0,
			"children": [11, 12]
		},
		{
			"name": "icicle",
			"origin": [14.25, 7, 11],
			"color": 0,
			"children": [13, 14]
		},
		{
			"name": "icicle",
			"origin": [14.25, 7, 11],
			"color": 0,
			"children": [15, 16]
		},
		{
			"name": "icicle",
			"origin": [14.25, 7, 11],
			"color": 0,
			"children": [17, 18]
		},
		{
			"name": "icicle",
			"origin": [14.25, 7, 11],
			"color": 0,
			"children": [19, 20]
		},
		{
			"name": "icicle",
			"origin": [14.25, 7, 11],
			"color": 0,
			"children": [21, 22]
		},
		23,
		24,
		25,
		26,
		27
	]
}