{
    "plantsvszombies.achievement": {
      "sounds": ["plantsvszombies/achievement"]
    },
    "plantsvszombies.awooga": {
      "sounds": ["plantsvszombies/awooga"]
    },
    "plantsvszombies.ballooninflate": {
      "sounds": ["plantsvszombies/ballooninflate"]
    },
    "plantsvszombies.balloon_pop": {
      "sounds": ["plantsvszombies/balloon_pop"]
    },
    "plantsvszombies.basketball": {
      "sounds": ["plantsvszombies/basketball"]
    },
    "plantsvszombies.bigchomp": {
      "sounds": ["plantsvszombies/bigchomp"]
    },
    "plantsvszombies.bleep": {
      "sounds": ["plantsvszombies/bleep"]
    },
    "plantsvszombies.blover": {
      "sounds": ["plantsvszombies/blover"]
    },
    "plantsvszombies.boing": {
      "sounds": ["plantsvszombies/boing"]
    },
    "plantsvszombies.bonk": {
      "sounds": ["plantsvszombies/bonk"]
    },
    "plantsvszombies.bossboulderattack": {
      "sounds": ["plantsvszombies/bossboulderattack"]
    },
    "plantsvszombies.bossexplosion": {
      "sounds": ["plantsvszombies/bossexplosion"]
    },
    "plantsvszombies.bowling": {
      "sounds": ["plantsvszombies/bowling"]
    },
    "plantsvszombies.bowlingimpact": {
      "sounds": ["plantsvszombies/bowlingimpact"]
    },
    "plantsvszombies.bowlingimpact2": {
      "sounds": ["plantsvszombies/bowlingimpact2"]
    },
    "plantsvszombies.bugspray": {
      "sounds": ["plantsvszombies/bugspray"]
    },
    "plantsvszombies.bungee_scream": {
      "sounds": ["plantsvszombies/bungee_scream"]
    },
    "plantsvszombies.bungee_scream2": {
      "sounds": ["plantsvszombies/bungee_scream2"]
    },
    "plantsvszombies.bungee_scream3": {
      "sounds": ["plantsvszombies/bungee_scream3"]
    },
    "plantsvszombies.butter": {
      "sounds": ["plantsvszombies/butter"]
    },
    "plantsvszombies.buttonclick": {
      "sounds": ["plantsvszombies/buttonclick"]
    },
    "plantsvszombies.buzzer": {
      "sounds": ["plantsvszombies/buzzer"]
    },
    "plantsvszombies.ceramic": {
      "sounds": ["plantsvszombies/ceramic"]
    },
    "plantsvszombies.cherrybomb": {
      "sounds": ["plantsvszombies/cherrybomb"]
    },
    "plantsvszombies.chime": {
      "sounds": ["plantsvszombies/chime"]
    },
    "plantsvszombies.chomp": {
      "sounds": ["plantsvszombies/chomp"]
    },
    "plantsvszombies.chomp2": {
      "sounds": ["plantsvszombies/chomp2"]
    },
    "plantsvszombies.chompsoft": {
      "sounds": ["plantsvszombies/chompsoft"]
    },
    "plantsvszombies.coblaunch": {
      "sounds": ["plantsvszombies/coblaunch"]
    },
    "plantsvszombies.coffee": {
      "sounds": ["plantsvszombies/coffee"]
    },
    "plantsvszombies.coin": {
      "sounds": ["plantsvszombies/coin"]
    },
    "plantsvszombies.crazydavecrazy": {
      "sounds": ["plantsvszombies/crazydavecrazy"]
    },
    "plantsvszombies.crazydaveextralong1": {
      "sounds": ["plantsvszombies/crazydaveextralong1"]
    },
    "plantsvszombies.crazydaveextralong2": {
      "sounds": ["plantsvszombies/crazydaveextralong2"]
    },
    "plantsvszombies.crazydaveextralong3": {
      "sounds": ["plantsvszombies/crazydaveextralong3"]
    },
    "plantsvszombies.crazydavelong1": {
      "sounds": ["plantsvszombies/crazydavelong1"]
    },
    "plantsvszombies.crazydavelong2": {
      "sounds": ["plantsvszombies/crazydavelong2"]
    },
    "plantsvszombies.crazydavelong3": {
      "sounds": ["plantsvszombies/crazydavelong3"]
    },
    "plantsvszombies.crazydavescream": {
      "sounds": ["plantsvszombies/crazydavescream"]
    },
    "plantsvszombies.crazydavescream2": {
      "sounds": ["plantsvszombies/crazydavescream2"]
    },
    "plantsvszombies.crazydaveshort1": {
      "sounds": ["plantsvszombies/crazydaveshort1"]
    },
    "plantsvszombies.crazydaveshort2": {
      "sounds": ["plantsvszombies/crazydaveshort2"]
    },
    "plantsvszombies.crazydaveshort3": {
      "sounds": ["plantsvszombies/crazydaveshort3"]
    },
    "plantsvszombies.dancer": {
      "sounds": ["plantsvszombies/dancer"]
    },
    "plantsvszombies.digger_zombie": {
      "sounds": ["plantsvszombies/digger_zombie"]
    },
    "plantsvszombies.dirt_rise": {
      "sounds": ["plantsvszombies/dirt_rise"]
    },
    "plantsvszombies.dolphin_appears": {
      "sounds": ["plantsvszombies/dolphin_appears"]
    },
    "plantsvszombies.dolphin_before_jumping": {
      "sounds": ["plantsvszombies/dolphin_before_jumping"]
    },
    "plantsvszombies.doomshroom": {
      "sounds": ["plantsvszombies/doomshroom"]
    },
    "plantsvszombies.evillaugh": {
      "sounds": ["plantsvszombies/evillaugh"]
    },
    "plantsvszombies.explosion": {
      "sounds": ["plantsvszombies/explosion"]
    },
    "plantsvszombies.fertilizer": {
      "sounds": ["plantsvszombies/fertilizer"]
    },
    "plantsvszombies.finalfanfare": {
      "sounds": ["plantsvszombies/finalfanfare"]
    },
    "plantsvszombies.finalwave": {
      "sounds": ["plantsvszombies/finalwave"]
    },
    "plantsvszombies.firepea": {
      "sounds": ["plantsvszombies/firepea"]
    },
    "plantsvszombies.floop": {
      "sounds": ["plantsvszombies/floop"]
    },
    "plantsvszombies.frozen": {
      "sounds": ["plantsvszombies/frozen"]
    },
    "plantsvszombies.fume": {
      "sounds": ["plantsvszombies/fume"]
    },
    "plantsvszombies.gargantuar_thump": {
      "sounds": ["plantsvszombies/gargantuar_thump"]
    },
    "plantsvszombies.gargantudeath": {
      "sounds": ["plantsvszombies/gargantudeath"]
    },
    "plantsvszombies.grassstep": {
      "sounds": ["plantsvszombies/grassstep"]
    },
    "plantsvszombies.gravebusterchomp": {
      "sounds": ["plantsvszombies/gravebusterchomp"]
    },
    "plantsvszombies.gravebutton": {
      "sounds": ["plantsvszombies/gravebutton"]
    },
    "plantsvszombies.gravestone_rumble": {
      "sounds": ["plantsvszombies/gravestone_rumble"]
    },
    "plantsvszombies.groan": {
      "sounds": ["plantsvszombies/groan"]
    },
    "plantsvszombies.groan2": {
      "sounds": ["plantsvszombies/groan2"]
    },
    "plantsvszombies.groan3": {
      "sounds": ["plantsvszombies/groan3"]
    },
    "plantsvszombies.groan4": {
      "sounds": ["plantsvszombies/groan4"]
    },
    "plantsvszombies.groan5": {
      "sounds": ["plantsvszombies/groan5"]
    },
    "plantsvszombies.groan6": {
      "sounds": ["plantsvszombies/groan6"]
    },
    "plantsvszombies.gulp": {
      "sounds": ["plantsvszombies/gulp"]
    },
    "plantsvszombies.hatchback_close": {
      "sounds": ["plantsvszombies/hatchback_close"]
    },
    "plantsvszombies.hatchback_open": {
      "sounds": ["plantsvszombies/hatchback_open"]
    },
    "plantsvszombies.hugewave": {
      "sounds": ["plantsvszombies/hugewave"]
    },
    "plantsvszombies.hydraulic": {
      "sounds": ["plantsvszombies/hydraulic"]
    },
    "plantsvszombies.hydraulic_short": {
      "sounds": ["plantsvszombies/hydraulic_short"]
    },
    "plantsvszombies.ignite": {
      "sounds": ["plantsvszombies/ignite"]
    },
    "plantsvszombies.ignite2": {
      "sounds": ["plantsvszombies/ignite2"]
    },
    "plantsvszombies.imp": {
      "sounds": ["plantsvszombies/imp"]
    },
    "plantsvszombies.imp2": {
      "sounds": ["plantsvszombies/imp2"]
    },
    "plantsvszombies.jackinthebox": {
      "sounds": ["plantsvszombies/jackinthebox"]
    },
    "plantsvszombies.jack_surprise": {
      "sounds": ["plantsvszombies/jack_surprise"]
    },
    "plantsvszombies.jack_surprise2": {
      "sounds": ["plantsvszombies/jack_surprise2"]
    },
    "plantsvszombies.jalapeno": {
      "sounds": ["plantsvszombies/jalapeno"]
    },
    "plantsvszombies.juicy": {
      "sounds": ["plantsvszombies/juicy"]
    },
    "plantsvszombies.kernelpult": {
      "sounds": ["plantsvszombies/kernelpult"]
    },
    "plantsvszombies.kernelpult2": {
      "sounds": ["plantsvszombies/kernelpult2"]
    },
    "plantsvszombies.ladder_zombie": {
      "sounds": ["plantsvszombies/ladder_zombie"]
    },
    "plantsvszombies.lawnmower": {
      "sounds": ["plantsvszombies/lawnmower"]
    },
    "plantsvszombies.lightfill": {
      "sounds": ["plantsvszombies/lightfill"]
    },
    "plantsvszombies.limbs_pop": {
      "sounds": ["plantsvszombies/limbs_pop"]
    },
    "plantsvszombies.loadingbar_flower": {
      "sounds": ["plantsvszombies/loadingbar_flower"]
    },
    "plantsvszombies.loadingbar_zombie": {
      "sounds": ["plantsvszombies/loadingbar_zombie"]
    },
    "plantsvszombies.losemusic": {
      "sounds": ["plantsvszombies/losemusic"]
    },
    "plantsvszombies.lowgroan": {
      "sounds": ["plantsvszombies/lowgroan"]
    },
    "plantsvszombies.lowgroan2": {
      "sounds": ["plantsvszombies/lowgroan2"]
    },
    "plantsvszombies.magnetshroom": {
      "sounds": ["plantsvszombies/magnetshroom"]
    },
    "plantsvszombies.melonimpact": {
      "sounds": ["plantsvszombies/melonimpact"]
    },
    "plantsvszombies.melonimpact2": {
      "sounds": ["plantsvszombies/melonimpact2"]
    },
    "plantsvszombies.mindcontrolled": {
      "sounds": ["plantsvszombies/mindcontrolled"]
    },
    "plantsvszombies.moneyfalls": {
      "sounds": ["plantsvszombies/moneyfalls"]
    },
    "plantsvszombies.newspaper_rarrgh": {
      "sounds": ["plantsvszombies/newspaper_rarrgh"]
    },
    "plantsvszombies.newspaper_rarrgh2": {
      "sounds": ["plantsvszombies/newspaper_rarrgh2"]
    },
    "plantsvszombies.newspaper_rip": {
      "sounds": ["plantsvszombies/newspaper_rip"]
    },
    "plantsvszombies.paper": {
      "sounds": ["plantsvszombies/paper"]
    },
    "plantsvszombies.pause": {
      "sounds": ["plantsvszombies/pause"]
    },
    "plantsvszombies.phonograph": {
      "sounds": ["plantsvszombies/phonograph"]
    },
    "plantsvszombies.plant": {
      "sounds": ["plantsvszombies/plant"]
    },
    "plantsvszombies.plant2": {
      "sounds": ["plantsvszombies/plant2"]
    },
    "plantsvszombies.plantern": {
      "sounds": ["plantsvszombies/plantern"]
    },
    "plantsvszombies.plantgrow": {
      "sounds": ["plantsvszombies/plantgrow"]
    },
    "plantsvszombies.plant_water": {
      "sounds": ["plantsvszombies/plant_water"]
    },
    "plantsvszombies.plastichit": {
      "sounds": ["plantsvszombies/plastichit"]
    },
    "plantsvszombies.plastichit2": {
      "sounds": ["plantsvszombies/plastichit2"]
    },
    "plantsvszombies.pogo_zombie": {
      "sounds": ["plantsvszombies/pogo_zombie"]
    },
    "plantsvszombies.points": {
      "sounds": ["plantsvszombies/points"]
    },
    "plantsvszombies.polevault": {
      "sounds": ["plantsvszombies/polevault"]
    },
    "plantsvszombies.pool_cleaner": {
      "sounds": ["plantsvszombies/pool_cleaner"]
    },
    "plantsvszombies.portal": {
      "sounds": ["plantsvszombies/portal"]
    },
    "plantsvszombies.potato_mine": {
      "sounds": ["plantsvszombies/potato_mine"]
    },
    "plantsvszombies.prize": {
      "sounds": ["plantsvszombies/prize"]
    },
    "plantsvszombies.puff": {
      "sounds": ["plantsvszombies/puff"]
    },
    "plantsvszombies.rain": {
      "sounds": ["plantsvszombies/rain"]
    },
    "plantsvszombies.readysetplant": {
      "sounds": ["plantsvszombies/readysetplant"]
    },
    "plantsvszombies.reverse_explosion": {
      "sounds": ["plantsvszombies/reverse_explosion"]
    },
    "plantsvszombies.roll_in": {
      "sounds": ["plantsvszombies/roll_in"]
    },
    "plantsvszombies.RVthrow": {
      "sounds": ["plantsvszombies/RVthrow"]
    },
    "plantsvszombies.scream": {
      "sounds": ["plantsvszombies/scream"]
    },
    "plantsvszombies.seedlift": {
      "sounds": ["plantsvszombies/seedlift"]
    },
    "plantsvszombies.shieldhit": {
      "sounds": ["plantsvszombies/shieldhit"]
    },
    "plantsvszombies.shieldhit2": {
      "sounds": ["plantsvszombies/shieldhit2"]
    },
    "plantsvszombies.shoop": {
      "sounds": ["plantsvszombies/shoop"]
    },
    "plantsvszombies.shovel": {
      "sounds": ["plantsvszombies/shovel"]
    },
    "plantsvszombies.siren": {
      "sounds": ["plantsvszombies/siren"]
    },
    "plantsvszombies.slotmachine": {
      "sounds": ["plantsvszombies/slotmachine"]
    },
    "plantsvszombies.slurp": {
      "sounds": ["plantsvszombies/slurp"]
    },
    "plantsvszombies.snow_pea_sparkles": {
      "sounds": ["plantsvszombies/snow_pea_sparkles"]
    },
    "plantsvszombies.splat": {
      "sounds": ["plantsvszombies/splat"]
    },
    "plantsvszombies.splat2": {
      "sounds": ["plantsvszombies/splat2"]
    },
    "plantsvszombies.splat3": {
      "sounds": ["plantsvszombies/splat3"]
    },
    "plantsvszombies.squash_hmm": {
      "sounds": ["plantsvszombies/squash_hmm"]
    },
    "plantsvszombies.squash_hmm2": {
      "sounds": ["plantsvszombies/squash_hmm2"]
    },
    "plantsvszombies.sukhbir": {
      "sounds": ["plantsvszombies/sukhbir"]
    },
    "plantsvszombies.sukhbir2": {
      "sounds": ["plantsvszombies/sukhbir2"]
    },
    "plantsvszombies.sukhbir3": {
      "sounds": ["plantsvszombies/sukhbir3"]
    },
    "plantsvszombies.sukhbir4": {
      "sounds": ["plantsvszombies/sukhbir4"]
    },
    "plantsvszombies.sukhbir5": {
      "sounds": ["plantsvszombies/sukhbir5"]
    },
    "plantsvszombies.sukhbir6": {
      "sounds": ["plantsvszombies/sukhbir6"]
    },
    "plantsvszombies.swing": {
      "sounds": ["plantsvszombies/swing"]
    },
    "plantsvszombies.tap": {
      "sounds": ["plantsvszombies/tap"]
    },
    "plantsvszombies.tap2": {
      "sounds": ["plantsvszombies/tap2"]
    },
    "plantsvszombies.throw": {
      "sounds": ["plantsvszombies/throw"]
    },
    "plantsvszombies.throw2": {
      "sounds": ["plantsvszombies/throw2"]
    },
    "plantsvszombies.thunder": {
      "sounds": ["plantsvszombies/thunder"]
    },
    "plantsvszombies.vase_breaking": {
      "sounds": ["plantsvszombies/vase_breaking"]
    },
    "plantsvszombies.wakeup": {
      "sounds": ["plantsvszombies/wakeup"]
    },
    "plantsvszombies.watering": {
      "sounds": ["plantsvszombies/watering"]
    },
    "plantsvszombies.winmusic": {
      "sounds": ["plantsvszombies/winmusic"]
    },
    "plantsvszombies.yuck": {
      "sounds": ["plantsvszombies/yuck"]
    },
    "plantsvszombies.yuck2": {
      "sounds": ["plantsvszombies/yuck2"]
    },
    "plantsvszombies.zamboni": {
      "sounds": ["plantsvszombies/zamboni"]
    },
    "plantsvszombies.zombaquarium_die": {
      "sounds": ["plantsvszombies/zombaquarium_die"]
    },
    "plantsvszombies.zombiesplash": {
      "sounds": ["plantsvszombies/zombiesplash"]
    },
    "plantsvszombies.zombie_entering_water": {
      "sounds": ["plantsvszombies/zombie_entering_water"]
    },
    "plantsvszombies.zombie_falling_1": {
      "sounds": ["plantsvszombies/zombie_falling_1"]
    },
    "plantsvszombies.zombie_falling_2": {
      "sounds": ["plantsvszombies/zombie_falling_2"]
    }
}